spp_group,iucn_sid,sciname,class,am_sid,reviewed,area_iucn,area_am,area_total,area_overlap,sm_range,sm_perc,area_ratio,lg_area_pct,spp_group_text,occurcells,n_spp,quad
MARINE_MAMMALS,2055,Arctocephalus australis,Mammalia,ITS-Mam-180633,1,2507693.2,2534036.9,3023917.8,2017812.2847574,IUCN,80.465,98.96,0.684,Marine Mammals,44,95,q1
MARINE_MAMMALS,2057,Arctocephalus galapagoensis,Mammalia,ITS-Mam-180634,1,159989.9,119996.8,184604.8,95381.8614211909,AM,79.487,75.003,0.043,Marine Mammals,13,95,q1
MARINE_MAMMALS,2058,Arctocephalus gazella,Mammalia,ITS-Mam-180630,1,18196138.8,48628461.9,48860395.6,17964205.0382534,IUCN,98.725,37.419,13.126,Marine Mammals,1565,95,q2
MARINE_MAMMALS,2059,Arctocephalus philippii,Mammalia,ITS-180635,1,4075352.8,3979835.1,5065807.5,2989380.37706702,AM,75.113,97.656,1.1,Marine Mammals,0,95,q1
MARINE_MAMMALS,2060,Arctocephalus pusillus,Mammalia,ITS-Mam-180629,1,1570332.4,1851246.6,2280992.8,1140586.18645899,IUCN,72.633,84.826,0.5,Marine Mammals,66,95,q1
MARINE_MAMMALS,2061,Arctocephalus townsendi,Mammalia,ITS-Mam-180636,1,1520243.7,1961328.9,2517251.5,964321.073049447,IUCN,63.432,77.511,0.529,Marine Mammals,29,95,q1
MARINE_MAMMALS,2467,Balaena mysticetus,Mammalia,ITS-Mam-180533,1,10831736,9521551.3,13307579.5,7045707.81155766,AM,73.997,87.904,2.924,Marine Mammals,79,95,q1
MARINE_MAMMALS,2474,Balaenoptera acutorostrata,Mammalia,ITS-Mam-180524,1,355053261.5,364700724.4,370463585.3,349290400.588185,IUCN,98.377,97.355,98.444,Marine Mammals,2063,95,q1
MARINE_MAMMALS,2475,Balaenoptera borealis,Mammalia,ITS-Mam-180526,1,322610477.2,278490766.9,339116202.7,261985041.341713,AM,94.073,86.324,87.083,Marine Mammals,1150,95,q1
MARINE_MAMMALS,2476,Balaenoptera brydei,Mammalia,ITS-Mam-612597,1,230061302.9,273522531.2,275060061.8,228523772.239962,IUCN,99.332,84.111,73.833,Marine Mammals,32,95,q1
MARINE_MAMMALS,2477,Balaenoptera musculus,Mammalia,ITS-Mam-180528,1,350952511.2,343395161.6,356795625.5,337552047.306882,AM,98.298,97.847,94.733,Marine Mammals,2008,95,q1
MARINE_MAMMALS,2478,Balaenoptera physalus,Mammalia,ITS-Mam-180527,1,210618782.7,360065829.6,364184407.5,206500204.872039,IUCN,98.045,58.495,97.193,Marine Mammals,3027,95,q1
MARINE_MAMMALS,2480,Balaenoptera bonaerensis,Mammalia,ITS-Mam-612592,1,176495035,138235797.3,181285004.7,133445827.584631,AM,96.535,78.323,47.642,Marine Mammals,375,95,q1
MARINE_MAMMALS,2762,Berardius arnuxii,Mammalia,ITS-Mam-180495,1,106758767.5,147706497.5,148774180.5,105691084.537224,IUCN,99,72.278,39.871,Marine Mammals,52,95,q1
MARINE_MAMMALS,2763,Berardius bairdii,Mammalia,ITS-Mam-180496,1,24050599,25741626.8,27170872.7,22621353.0612706,IUCN,94.057,93.431,6.948,Marine Mammals,104,95,q1
MARINE_MAMMALS,3590,Callorhinus ursinus,Mammalia,ITS-Mam-180627,1,17932429.4,20359671,21657026.3,16635074.0789608,IUCN,92.765,88.078,5.496,Marine Mammals,299,95,q1
MARINE_MAMMALS,3778,Caperea marginata,Mammalia,ITS-Mam-180535,1,74305831.5,99750822.7,101831697.5,72224956.7167298,IUCN,97.2,74.491,26.926,Marine Mammals,59,95,q1
REPTILES,3897,Caretta caretta,Reptilia,Rep-2666,1,275112006.2,245318956.3,289573436.2,230857526.306536,AM,94.105,89.171,74.262,Reptiles,4993,4,q1
MARINE_MAMMALS,4159,Cephalorhynchus commersonii,Mammalia,ITS-Mam-180449,1,1457517.4,2948149.7,3387595.8,1018071.29939977,IUCN,69.85,49.438,0.796,Marine Mammals,128,95,q2
MARINE_MAMMALS,4160,Cephalorhynchus eutropia,Mammalia,ITS-180450,1,594031.1,498881.5,614923.5,477989.173752606,AM,95.812,83.982,0.16,Marine Mammals,2,95,q1
MARINE_MAMMALS,4161,Cephalorhynchus heavisidii,Mammalia,ITS-Mam-180451,1,279651.3,253126.1,378553.3,154224.097520923,AM,60.928,90.515,0.075,Marine Mammals,29,95,q3
MARINE_MAMMALS,4162,Cephalorhynchus hectori,Mammalia,ITS-Mam-180452,1,253726.3,252685.4,339248.5,167163.272036755,AM,66.155,99.59,0.068,Marine Mammals,5,95,q1
BUTTERFLYFISH,4362,Chaetodon marleyi,Actinopterygii,Fis-32632,1,473616.9,437737.3,673807.2,237547.004845834,AM,54.267,92.424,0.128,Butterflyfish,27,29,q3
BUTTERFLYFISH,4364,Chaetodon robustus,Actinopterygii,Fis-33809,1,1322249.1,411815,1337105.7,396958.376508429,AM,96.392,31.145,0.357,Butterflyfish,53,29,q2
REPTILES,4615,Chelonia mydas,Reptilia,Rep-2941,1,182151971.7,27826649.2,190699265.7,19279355.1708329,AM,69.284,15.277,49.169,Reptiles,1581,4,q2
MARINE_MAMMALS,6204,Cystophora cristata,Mammalia,ITS-Mam-180657,1,8819573.2,12720929.3,13455541.1,8084961.41647799,IUCN,91.671,69.331,3.434,Marine Mammals,80,95,q1
MARINE_MAMMALS,6335,Delphinapterus leucas,Mammalia,ITS-Mam-180483,1,11728689.7,24635489.2,25268202,11095976.8651562,IUCN,94.605,47.609,6.65,Marine Mammals,165,95,q2
MARINE_MAMMALS,6336,Delphinus delphis,Mammalia,ITS-Mam-180438,1,90011066.9,209301504.2,215914953,83397618.0737925,IUCN,92.653,43.005,56.497,Marine Mammals,1969,95,q2
MARINE_MAMMALS,6337,Delphinus capensis,Mammalia,ITS-Mam-555654,1,16789581.2,31674738.7,38767015.3,9697304.57517135,IUCN,57.758,53.006,8.55,Marine Mammals,129,95,q4
MARINE_MAMMALS,6909,Dugong dugon,Mammalia,ITS-Mam-180679,1,11740389.1,8558110.7,15406353.5,4892146.28899613,AM,57.164,72.895,3.169,Marine Mammals,245,95,q3
TERRESTRIAL_MAMMALS,7750,Enhydra lutris,Mammalia,ITS-Mam-180547,1,2518594.4,4335594,5686748.2,1167440.18250146,IUCN,46.353,58.091,1.17,Terr. Mammals,156,1,q3
GROUPERS,7854,Epinephelus drummondhayi,Actinopterygii,Fis-29953,1,803009.9,434001.7,927838.9,309172.710407475,AM,71.238,54.047,0.217,Groupers,41,24,q2
GROUPERS,7858,Epinephelus lanceolatus,Actinopterygii,Fis-26139,1,24828288.6,14810062.1,29479075.1,10159275.5789034,AM,68.597,59.65,6.702,Groupers,160,24,q1
GROUPERS,7859,Epinephelus marginatus,Actinopterygii,Fis-26140,1,6497070.4,6736295.6,9151908.8,4081457.25417127,IUCN,62.82,96.449,1.818,Groupers,299,24,q3
GROUPERS,7860,Hyporthodus nigritus,Actinopterygii,Fis-163779,1,1740158.3,1875489.2,2968133.3,647514.22890717,IUCN,37.21,92.784,0.506,Groupers,29,24,q3
GROUPERS,7862,Epinephelus striatus,Actinopterygii,Fis-22722,1,3691210.4,3224403.5,4801308.8,2114305.04495848,AM,65.572,87.354,0.996,Groupers,129,24,q1
REPTILES,8005,Eretmochelys imbricata,Reptilia,Rep-5181,1,283950143.3,28990547.5,284404314.3,28536376.5603687,AM,98.433,10.21,76.647,Reptiles,804,4,q2
MARINE_MAMMALS,8097,Eschrichtius robustus,Mammalia,ITS-Mam-180521,1,6254451.8,9531044.4,10251411.7,5534084.40924975,IUCN,88.482,65.622,2.573,Marine Mammals,252,95,q1
MARINE_MAMMALS,8153,Eubalaena australis,Mammalia,ITS-Mam-552771,1,88202825.3,135411122.3,138452797.4,85161150.2485919,IUCN,96.551,65.137,36.552,Marine Mammals,236,95,q1
MARINE_MAMMALS,8239,Eumetopias jubatus,Mammalia,ITS-Mam-180625,1,7474532,5872420.9,9058350.3,4288602.55915892,AM,73.03,78.566,2.018,Marine Mammals,246,95,q1
MARINE_MAMMALS,8551,Feresa attenuata,Mammalia,ITS-Mam-180461,1,211790232.3,201385374.8,215310701.6,197864905.471091,AM,98.252,95.087,57.169,Marine Mammals,354,95,q1
MARINE_MAMMALS,9249,Globicephala macrorhynchus,Mammalia,ITS-Mam-180466,1,232262286.7,259459285.2,262944196.6,228777375.303567,IUCN,98.5,89.518,70.036,Marine Mammals,722,95,q1
MARINE_MAMMALS,9250,Globicephala melas,Mammalia,ITS-Mam-552461,1,134403159.5,155374111,160106824.6,129670445.950315,IUCN,96.479,86.503,41.94,Marine Mammals,1047,95,q1
MARINE_MAMMALS,9461,Grampus griseus,Mammalia,ITS-Mam-180457,1,244237768.3,294671923.8,302147706.4,236761985.773685,IUCN,96.939,82.885,79.541,Marine Mammals,1401,95,q1
MARINE_MAMMALS,9660,Halichoerus grypus,Mammalia,ITS-Mam-180653,1,3569760.9,4543649.8,5026367.9,3087042.78344042,IUCN,86.478,78.566,1.226,Marine Mammals,697,95,q1
MARINE_MAMMALS,10340,Hydrurga leptonyx,Mammalia,ITS-Mam-180667,1,22552267.7,124492425.5,126368651.7,20676041.5292919,IUCN,91.681,18.115,33.604,Marine Mammals,291,95,q2
MARINE_MAMMALS,10708,Hyperoodon planifrons,Mammalia,ITS-Mam-180505,1,93593584.6,147789912.3,149142282.3,92241214.58662,IUCN,98.555,63.329,39.893,Marine Mammals,126,95,q1
MARINE_MAMMALS,11048,Kogia sima,Mammalia,ITS-Mam-180492,1,244318425.1,244383209.4,250784190.7,237917443.844548,IUCN,97.38,99.973,65.967,Marine Mammals,578,95,q1
MARINE_MAMMALS,11140,Lagenodelphis hosei,Mammalia,ITS-Mam-180440,1,181062282.8,240612345.1,243649542.7,178025085.213863,IUCN,98.323,75.251,64.949,Marine Mammals,368,95,q1
MARINE_MAMMALS,11141,Lagenorhynchus acutus,Mammalia,ITS-Mam-180443,1,11370770.1,17214956,17643095.8,10942630.2757323,IUCN,96.235,66.052,4.647,Marine Mammals,597,95,q1
MARINE_MAMMALS,11142,Lagenorhynchus albirostris,Mammalia,ITS-Mam-180442,1,14233896.5,12976205.9,15188968.3,12021134.1226969,AM,92.64,91.164,3.842,Marine Mammals,444,95,q1
MARINE_MAMMALS,11143,Lagenorhynchus australis,Mammalia,ITS-Mam-180446,1,2140556,1790608.9,2529039.4,1402125.4643745,AM,78.304,83.652,0.578,Marine Mammals,105,95,q1
MARINE_MAMMALS,11144,Lagenorhynchus cruciger,Mammalia,ITS-Mam-180447,1,63702371.6,81297163.7,84078576.2,60920959.1549533,IUCN,95.634,78.357,21.945,Marine Mammals,42,95,q1
MARINE_MAMMALS,11145,Lagenorhynchus obliquidens,Mammalia,ITS-Mam-180444,1,16646256.3,31536810.1,31811881,16371185.4554268,IUCN,98.348,52.784,8.513,Marine Mammals,264,95,q2
MARINE_MAMMALS,11146,Lagenorhynchus obscurus,Mammalia,ITS-Mam-180445,1,9404928.9,83206765.8,83988210.6,8623484.12160529,IUCN,91.691,11.303,22.46,Marine Mammals,149,95,q2
REPTILES,11534,Lepidochelys olivacea,Reptilia,Rep-6936,1,87345289.9,18187152.3,89523538.1,16008903.9920143,AM,88.023,20.822,23.577,Reptiles,1377,4,q2
MARINE_MAMMALS,11696,Leptonychotes weddellii,Mammalia,ITS-Mam-180669,1,22552267.7,18723478.3,22929766.5,18345979.4349407,AM,97.984,83.023,6.088,Marine Mammals,206,95,q1
MARINE_MAMMALS,12125,Lissodelphis borealis,Mammalia,ITS-Mam-180454,1,10554330.1,19554593.1,20452109.9,9656813.2334047,IUCN,91.496,53.974,5.278,Marine Mammals,180,95,q2
MARINE_MAMMALS,12246,Lobodon carcinophaga,Mammalia,ITS-Mam-622023,1,21641467,77098160.1,78950923.2,19788703.8968975,IUCN,91.439,28.07,20.811,Marine Mammals,2056,95,q2
MARINE_MAMMALS,13006,Megaptera novaeangliae,Mammalia,ITS-Mam-180530,1,353803307,353729732.6,358357026.3,349176013.317485,AM,98.713,99.979,95.503,Marine Mammals,2509,95,q1
MARINE_MAMMALS,13241,Mesoplodon bidens,Mammalia,ITS-Mam-180515,1,15445135.5,15115659,17653170.5,12907623.9275807,AM,85.392,97.867,4.169,Marine Mammals,129,95,q1
MARINE_MAMMALS,13243,Mesoplodon carlhubbsi,Mammalia,ITS-Mam-180512,1,14180222.9,14597617.2,17806237.6,10971602.5755653,IUCN,77.373,97.141,3.94,Marine Mammals,34,95,q1
MARINE_MAMMALS,13245,Mesoplodon europaeus,Mammalia,ITS-Mam-180509,1,47586923.4,59892851.8,61509902.3,45969872.8374354,IUCN,96.602,79.453,16.167,Marine Mammals,159,95,q1
MARINE_MAMMALS,13246,Mesoplodon ginkgodens,Mammalia,ITS-Mam-180510,1,110867675.4,182116905.2,182988509.6,109996071.057728,IUCN,99.214,60.877,49.159,Marine Mammals,30,95,q1
MARINE_MAMMALS,13247,Mesoplodon grayi,Mammalia,ITS-Mam-180511,1,94891883.4,117998467.8,129765571.5,83124779.7309363,IUCN,87.599,80.418,31.852,Marine Mammals,77,95,q1
MARINE_MAMMALS,13248,Mesoplodon hectori,Mammalia,ITS-Mam-180507,1,64851479.5,68330332.2,76494072,56687739.7342255,IUCN,87.412,94.909,18.445,Marine Mammals,33,95,q1
MARINE_MAMMALS,13249,Mesoplodon layardii,Mammalia,ITS-Mam-180516,1,88597081,127481534.5,134656204,81422411.4341741,IUCN,91.902,69.498,34.411,Marine Mammals,119,95,q1
MARINE_MAMMALS,13250,Mesoplodon mirus,Mammalia,ITS-Mam-180508,1,38285293.3,64709789.3,67193226.2,35801856.376254,IUCN,93.513,59.165,17.467,Marine Mammals,50,95,q1
MARINE_MAMMALS,13581,Mirounga angustirostris,Mammalia,ITS-Mam-180672,1,10990191,12829324.7,13178754.7,10640761.0608393,IUCN,96.821,85.665,3.463,Marine Mammals,1819,95,q1
MARINE_MAMMALS,13583,Mirounga leonina,Mammalia,ITS-Mam-180671,1,72785507,129892323.8,135222601.5,67455229.3123761,IUCN,92.677,56.035,35.062,Marine Mammals,7663,95,q1
MARINE_MAMMALS,13653,Monachus monachus,Mammalia,ITS-Mam-180659,1,570867,2829495.7,2895443.7,504918.96541761,IUCN,88.448,20.176,0.764,Marine Mammals,54,95,q2
MARINE_MAMMALS,13654,Monachus schauinslandi,Mammalia,ITS-Mam-180661,1,478739.8,3618951.2,3618951.2,478739.765979055,IUCN,100,13.229,0.977,Marine Mammals,21,95,q2
MARINE_MAMMALS,13704,Monodon monoceros,Mammalia,ITS-Mam-180485,1,4437816.3,13840247.4,15232669.6,3045394.06175161,IUCN,68.624,32.065,3.736,Marine Mammals,46,95,q2
GROUPERS,14051,Mycteroperca olfax,Actinopterygii,Fis-26901,1,175039.3,67650.2,202732.6,39956.8946654822,AM,59.064,38.649,0.047,Groupers,26,24,q4
GROUPERS,14053,Mycteroperca rosacea,Actinopterygii,Fis-27393,1,460859.6,371209.7,563590.2,268479.136888654,AM,72.325,80.547,0.124,Groupers,53,24,q1
MARINE_MAMMALS,14549,Neophoca cinerea,Mammalia,ITS-Mam-180623,1,672350.1,841310.8,988914.7,524746.17683851,IUCN,78.047,79.917,0.227,Marine Mammals,82,95,q1
MARINE_MAMMALS,15269,Ommatophoca rossii,Mammalia,ITS-Mam-180665,1,21641467,18715362.8,22039441.5,18317388.2823422,AM,97.874,86.479,5.842,Marine Mammals,203,95,q1
MARINE_MAMMALS,15419,Orcaella brevirostris,Mammalia,ITS-Mam-180471,1,3534221.8,4178313.8,5278045.3,2434490.31914011,IUCN,68.883,84.585,1.128,Marine Mammals,27,95,q1
SEABREAMS_PORGIES,15873,Pagrus pagrus,Actinopterygii,Fis-23707,1,7763688.4,8775734.8,11280563.9,5258859.19600607,IUCN,67.737,88.468,2.369,Seabreams/Porgies,423,13,q1
MARINE_MAMMALS,16564,Peponocephala electra,Mammalia,ITS-Mam-180459,1,181250035.4,166376959.9,197338226.7,150288768.517637,AM,90.33,91.794,48.925,Marine Mammals,360,95,q1
MARINE_MAMMALS,17013,Phoca vitulina,Mammalia,ITS-Mam-180649,1,10454583,10175227,14652525.7,5977284.30152549,AM,58.743,97.328,2.822,Marine Mammals,907,95,q3
MARINE_MAMMALS,17026,Phocarctos hookeri,Mammalia,ITS-Mam-180617,1,971392.6,1569340.6,1837863,702870.213319053,IUCN,72.357,61.898,0.424,Marine Mammals,18,95,q1
MARINE_MAMMALS,17027,Phocoena phocoena,Mammalia,ITS-Mam-180473,1,14442983.5,16813180.7,20802346.4,10453817.852643,IUCN,72.38,85.903,4.538,Marine Mammals,1574,95,q1
MARINE_MAMMALS,17028,Phocoena sinus,Mammalia,ITS-Mam-180474,1,36999.8,126258.5,128932.4,34325.952143061,IUCN,92.773,29.305,0.034,Marine Mammals,10,95,q2
MARINE_MAMMALS,17029,Phocoena spinipinnis,Mammalia,ITS-Mam-180476,1,1743102.7,2717507.5,3182863.9,1277746.35895555,IUCN,73.303,64.143,0.734,Marine Mammals,23,95,q1
MARINE_MAMMALS,17032,Phocoenoides dalli,Mammalia,ITS-Mam-180480,1,22614613,21179411,24450337.1,19343686.8561741,AM,91.333,93.654,6.104,Marine Mammals,577,95,q1
MARINE_MAMMALS,17978,Pontoporia blainvillei,Mammalia,ITS-Mam-180411,1,624968.8,821046.2,883109.2,562905.689010403,IUCN,90.069,76.119,0.222,Marine Mammals,34,95,q1
MARINE_MAMMALS,18596,Pseudorca crassidens,Mammalia,ITS-Mam-180463,1,203021799,275894286.1,281006164.2,197909920.875623,IUCN,97.482,73.587,74.473,Marine Mammals,593,95,q1
TUNAS_BILLFISHES,20047,Scomberomorus concolor,Actinopterygii,Fis-22821,1,445698.6,170359.8,489470.6,126587.861907894,AM,74.306,38.223,0.12,Tunas/Billfish,21,26,q2
MARINE_MAMMALS,20424,Sousa chinensis,Mammalia,ITS-180419,1,18122361.5,11169276.7,20058211.6,9233426.67701623,AM,82.668,61.633,4.892,Marine Mammals,28,95,q1
MARINE_MAMMALS,20729,Stenella attenuata,Mammalia,ITS-Mam-180430,1,215238919.5,241519664,245597248.1,211161335.392897,IUCN,98.106,89.119,65.194,Marine Mammals,1813,95,q1
MARINE_MAMMALS,20730,Stenella clymene,Mammalia,ITS-Mam-180435,1,31221967.3,47069295.4,48753252.4,29538010.4086902,IUCN,94.606,66.332,12.706,Marine Mammals,171,95,q1
MARINE_MAMMALS,20731,Stenella coeruleoalba,Mammalia,ITS-Mam-180434,1,258637845.2,276385027.4,279481214.8,255541657.77322,IUCN,98.803,93.579,74.605,Marine Mammals,1830,95,q1
MARINE_MAMMALS,20732,Stenella frontalis,Mammalia,ITS-Mam-552460,1,49996353.4,39446679.6,51806296.9,37636736.091927,AM,95.412,78.899,13.496,Marine Mammals,386,95,q1
MARINE_MAMMALS,20733,Stenella longirostris,Mammalia,ITS-Mam-180429,1,203470672.7,176653661.6,208883446.3,171240888.002502,AM,96.936,86.82,54.923,Marine Mammals,951,95,q1
MARINE_MAMMALS,20738,Steno bredanensis,Mammalia,ITS-Mam-180417,1,215435619.4,244811805.4,248296098,211951326.843457,IUCN,98.383,88.001,66.083,Marine Mammals,613,95,q1
WRASSE,21689,Thalassoma ascensionis,Actinopterygii,Fis-52020,1,54853,27397.6,79201.2,3049.3461521672,AM,11.13,49.947,0.015,Wrasses,10,46,q4
TUNAS_BILLFISHES,21856,Thunnus alalunga,Actinopterygii,Fis-22832,1,203927425.8,269248617.3,274225723,198950320.126565,IUCN,97.559,75.739,72.679,Tunas/Billfish,4567,26,q1
TUNAS_BILLFISHES,21857,Thunnus albacares,Actinopterygii,Fis-22833,1,215114895,269469422.2,269697892.1,214886425.109857,IUCN,99.894,79.829,72.738,Tunas/Billfish,6801,26,q1
TUNAS_BILLFISHES,21858,Thunnus maccoyii,Actinopterygii,Fis-22835,1,68309134.7,93060915.9,99802184.8,61567865.8506764,IUCN,90.131,73.403,25.12,Tunas/Billfish,578,26,q1
TUNAS_BILLFISHES,21859,Thunnus obesus,Actinopterygii,Fis-22836,1,223747517.8,254819593.5,258848873.4,219718237.868182,IUCN,98.199,87.806,68.784,Tunas/Billfish,5330,26,q1
TUNAS_BILLFISHES,21860,Thunnus thynnus,Actinopterygii,Fis-49220,1,34104514.9,75143032.9,77325027.1,31922520.6368698,IUCN,93.602,45.386,20.284,Tunas/Billfish,1397,26,q2
MARINE_MAMMALS,22103,Trichechus manatus,Mammalia,ITS-Mam-180684,1,3183963.6,1831753.8,3594812.1,1420905.31009668,AM,77.571,57.531,0.859,Marine Mammals,81,95,q1
MARINE_MAMMALS,22563,Tursiops truncatus,Mammalia,ITS-Mam-180426,1,260858425.1,305863039,309353619.8,257367844.299389,IUCN,98.662,85.286,82.562,Marine Mammals,2155,95,q1
TUNAS_BILLFISHES,23148,Xiphias gladius,Actinopterygii,Fis-29576,1,273492079,285207860.7,297463307.3,261236632.353344,IUCN,95.519,95.892,76.987,Tunas/Billfish,5733,26,q1
MARINE_MAMMALS,23211,Ziphius cavirostris,Mammalia,ITS-Mam-180498,1,297126741.3,302664951.9,311814461.4,287977231.784602,IUCN,96.921,98.17,81.699,Marine Mammals,834,95,q1
GROUPERS,39774,Cromileptes altivelis,Actinopterygii,Fis-26129,1,14043718.1,9074713.1,15842847.7,7275583.56222071,AM,80.174,64.618,3.791,Groupers,133,24,q1
MARINE_MAMMALS,40635,Indopacetus pacificus,Mammalia,ITS-Mam-180502,1,110729956.1,182384413.1,182539371.1,110574998.049242,IUCN,99.86,60.712,49.231,Marine Mammals,23,95,q1
MARINE_MAMMALS,41664,Arctocephalus forsteri,Mammalia,ITS-Mam-180631,1,12226267.6,14330270.2,15870742.3,10685795.5805308,IUCN,87.4,85.318,3.868,Marine Mammals,120,95,q1
MARINE_MAMMALS,41665,Otaria flavescens,Mammalia,ITS-Mam-180619,1,3143950.6,2418499.8,3481539.9,2080910.43481897,AM,86.041,76.926,0.849,Marine Mammals,181,95,q1
MARINE_MAMMALS,41666,Zalophus californianus,Mammalia,ITS-Mam-180621,1,2467965.1,3232092.4,4274058.2,1425999.28714097,IUCN,57.78,76.358,0.872,Marine Mammals,266,95,q3
MARINE_MAMMALS,41668,Zalophus wollebaeki,Mammalia,ITS-Mam-622014,1,166140.7,304040.3,427105.2,43075.7694053826,IUCN,25.927,54.644,0.082,Marine Mammals,20,95,q4
MARINE_MAMMALS,41671,Pagophilus groenlandicus,Mammalia,ITS-Mam-622022,1,11206373.4,5845430.7,11582667.9,5469136.16836833,AM,93.563,52.162,3.025,Marine Mammals,147,95,q2
MARINE_MAMMALS,41711,Eubalaena japonica,Mammalia,ITS-Mam-612591,1,6737101,37799388.9,37940861,6595628.81728302,IUCN,97.9,17.823,10.203,Marine Mammals,5,95,q2
MARINE_MAMMALS,41714,Tursiops aduncus,Mammalia,ITS-Mam-612596,1,26214862.5,18840138.2,29856864.8,15198135.9142813,AM,80.669,71.868,7.076,Marine Mammals,136,95,q1
MARINE_MAMMALS,41715,Phocoena dioptrica,Mammalia,ITS-Mam-180475,1,47799039.1,57023565.1,64975631.8,39846972.3249959,IUCN,83.364,83.823,15.392,Marine Mammals,32,95,q1
MARINE_MAMMALS,41755,Physeter macrocephalus,Mammalia,ITS-Mam-180488,1,355443805.9,346650343.5,357980835,344113314.377606,AM,99.268,97.526,95.946,Marine Mammals,1128,95,q1
MARINE_MAMMALS,41759,Mesoplodon perrini,Mammalia,ITS-612599,1,75709.7,16358203,16358203,75709.7226592828,IUCN,100,0.463,4.416,Marine Mammals,1,95,q2
MARINE_MAMMALS,41760,Mesoplodon traversii,Mammalia,ITS-Mam-612598,1,26438821.8,52862300.7,52884620.2,26416502.2171942,IUCN,99.916,50.015,14.269,Marine Mammals,6,95,q2
GROUPERS,43974,Epinephelus akaara,Actinopterygii,Fis-25493,1,2095581.1,783409.2,2180927.6,698062.635503431,AM,89.106,37.384,0.566,Groupers,18,24,q2
GROUPERS,44673,Epinephelus fuscoguttatus,Actinopterygii,Fis-25130,1,20942108.7,11945805.5,24362724.7,8525189.46739424,AM,71.366,57.042,5.653,Groupers,127,24,q1
GROUPERS,44674,Epinephelus coioides,Actinopterygii,Fis-26136,1,18468038.5,15851500.3,22110118,12209420.8299124,AM,77.024,85.832,4.985,Groupers,165,24,q1
GROUPERS,44677,Epinephelus albomarginatus,Actinopterygii,Fis-31618,1,261658.2,106152.4,264443.1,103367.454606841,AM,97.376,40.569,0.071,Groupers,16,24,q2
WRASSE,63571,Bolbometopon muricatum,Actinopterygii,Fis-25689,1,20074292.2,10374113.5,23322704,7125701.66405855,AM,68.687,51.679,5.419,Wrasses,83,46,q2
GROUPERS,64396,Epinephelus bruneus,Actinopterygii,Fis-32305,1,1964988.9,1244967.1,2099849.5,1110106.41550147,AM,89.168,63.357,0.53,Groupers,25,24,q1
GROUPERS,64411,Plectropomus areolatus,Actinopterygii,Fis-31641,1,14423080,7911879.5,17683043.3,4651916.23642807,AM,58.797,54.856,3.893,Groupers,52,24,q3
GROUPERS,64412,Plectropomus laevis,Actinopterygii,Fis-26517,1,18629766.6,7929887.7,21098250.7,5461403.7184821,AM,68.871,42.566,5.029,Groupers,119,24,q2
GROUPERS,132760,Epinephelus faveatus,Actinopterygii,Fis-26502,1,561501.2,726293.5,1056838,230956.731183822,IUCN,41.132,77.311,0.196,Groupers,20,24,q3
GROUPERS,132776,Plectropomus oligacanthus,Actinopterygii,Fis-26483,1,8007913.9,6499344.5,10878414.6,3628843.83263694,AM,55.834,81.162,2.162,Groupers,26,24,q3
GROUPERS,132778,Epinephelus hexagonatus,Actinopterygii,Fis-26244,1,15722095.8,12166447.7,23095387.6,4793155.91508846,AM,39.397,77.384,4.244,Groupers,161,24,q3
GROUPERS,132783,Cephalopholis urodeta,Actinopterygii,Fis-26128,1,17763776.1,14168176.6,25517450.5,6414502.23594181,AM,45.274,79.759,4.795,Groupers,256,24,q3
GROUPERS,132790,Triso dermopterus,Actinopterygii,Fis-26518,1,1817167.9,3035022.3,3983516.7,868673.501143839,IUCN,47.804,59.873,0.819,Groupers,27,24,q3
GROUPERS,132796,Epinephelus caninus,Actinopterygii,Fis-27340,1,3746292.8,3374597.4,4522735.3,2598154.96782508,AM,76.992,90.078,1.011,Groupers,146,24,q1
GROUPERS,132808,Cephalopholis cyanostigma,Actinopterygii,Fis-26118,1,10141794.3,8302778,12513073.8,5931498.4903755,AM,71.44,81.867,2.738,Groupers,130,24,q1
GROUPERS,132815,Epinephelus cyanopodus,Actinopterygii,Fis-25571,1,13629848.2,9554413.4,17035035.1,6149226.55639615,AM,64.36,70.099,3.679,Groupers,63,24,q1
CORALS_Part1,132869,Acropora florida,Anthozoa,URM-Cn-4750,1,23615392.7,10313593.3,24686381.6,9242604.37908966,AM,89.616,43.673,6.375,Corals,202,11,q2
CORALS_Part1,133029,Favia rotumana,Anthozoa,URM-Cn-5552,1,26971776.9,3976410.8,27299213.4,3648974.37901431,AM,91.766,14.743,7.281,Corals,7,11,q2
CORALS_Part3,133177,Turbinaria patula,Anthozoa,URM-Cn-5472,1,16962542,6419322,17529605.6,5852258.3237427,AM,91.166,37.844,4.579,Corals,49,11,q2
CORALS_Part3,133192,Oxypora glabra,Anthozoa,URM-Cn-5947,1,15235692.5,2999712.1,15556507.6,2678897.06303809,AM,89.305,19.689,4.113,Corals,11,11,q2
CORALS_Part3,133222,Pocillopora damicornis,Anthozoa,URM-Cn-5975,1,29937359.9,11399100,33318582.1,8017877.77982688,AM,70.338,38.077,8.081,Corals,198,11,q2
CORALS_Part3,133231,Diploastrea heliopora,Anthozoa,URM-Cn-5517,1,23920824.4,10725560.1,25494386,9151998.47019645,AM,85.329,44.838,6.457,Corals,72,11,q2
CORALS_Part1,133258,Plerogyra sinuosa,Anthozoa,URM-Cn-5495,1,25784256.3,8887308.7,26955002.2,7716562.74981987,AM,86.827,34.468,6.96,Corals,84,11,q2
CORALS_Part1,133340,Symphyllia wilsoni,Anthozoa,URM-Cn-5897,1,1284564.2,627907,1311489.2,600981.987948859,AM,95.712,48.881,0.347,Corals,13,11,q2
CORALS_Part3,133566,Scolymia australis,Anthozoa,URM-Cn-5886,1,11288944.1,5910677.2,13753859.5,3445761.82095649,AM,58.297,52.358,3.047,Corals,27,11,q4
CORALS_Part3,133575,Cladocora arbuscula,Anthozoa,SLB-61985,1,3596682.1,2675740.9,4389502.8,1882920.2322567,AM,70.37,74.395,0.971,Corals,31,11,q1
CORALS_Part3,133662,Galaxea fascicularis,Anthozoa,URM-Cn-5905,1,27208084,9580460.1,28255599.6,8532944.4629822,AM,89.066,35.212,7.344,Corals,142,11,q2
WRASSE,154701,Pseudolabrus luculentus,Actinopterygii,Fis-28631,1,496237.5,104456.8,517488.6,83205.7427909272,AM,79.656,21.05,0.134,Wrasses,22,46,q2
BUTTERFLYFISH,154788,Hemitaurichthys thompsoni,Actinopterygii,Fis-31453,1,3562906.9,3830549,6694958.4,698497.562153184,IUCN,19.605,93.013,1.034,Butterflyfish,37,29,q3
SURGEONFISH_TANGS_UNICORNFISH,154818,Acanthurus gahhm,Actinopterygii,Fis-51787,1,1159196.8,224894.6,1164557.7,219533.617617885,AM,97.616,19.401,0.313,Surgeons/Tangs/Unicornfish,11,28,q2
WRASSE,154954,Thalassoma lucasanum,Actinopterygii,Fis-28998,1,1719622.4,1003247.4,1933640.6,789229.15932167,AM,78.667,58.341,0.464,Wrasses,121,46,q1
SURGEONFISH_TANGS_UNICORNFISH,155120,Naso vlamingii,Actinopterygii,Fis-25960,1,24263930.4,10313766.7,26775400,7802297.07303113,AM,75.649,42.507,6.55,Surgeons/Tangs/Unicornfish,116,28,q2
COMBTOOTHBLENNIES,155186,Cirripectes filamentosus,Actinopterygii,Fis-25099,1,17079184.1,9845319.9,19602478.8,7322025.24388783,AM,74.371,57.645,4.61,Combtooth Blennies,117,17,q1
BUTTERFLYFISH,155220,Chaetodon sedentarius,Actinopterygii,Fis-22163,1,5549171.6,3165839.6,5681113.4,3033897.7075929,AM,95.832,57.051,1.498,Butterflyfish,202,29,q1
BUTTERFLYFISH,165623,Chaetodon octofasciatus,Actinopterygii,Fis-31439,1,11621965.9,9212682.3,15302340.9,5532307.40291191,AM,60.051,79.27,3.137,Butterflyfish,83,29,q3
BUTTERFLYFISH,165628,Chaetodon kleinii,Actinopterygii,Fis-31391,1,24071485.9,13453650.2,27227131.2,10298004.8046531,AM,76.544,55.89,6.498,Butterflyfish,226,29,q1
BUTTERFLYFISH,165630,Chaetodon vagabundus,Actinopterygii,Fis-31451,1,27942579.6,12689857.7,29498704.3,11133732.9692162,AM,87.737,45.414,7.543,Butterflyfish,286,29,q2
BUTTERFLYFISH,165632,Chaetodon punctatofasciatus,Actinopterygii,Fis-31440,1,11918090.4,7886623.2,15312017.1,4492696.49168446,AM,56.966,66.174,3.217,Butterflyfish,88,29,q3
BUTTERFLYFISH,165633,Johnrandallia nigrirostris,Actinopterygii,Fis-28456,1,1655371.9,685885.6,1866283.8,474973.654556982,AM,69.25,41.434,0.447,Butterflyfish,106,29,q2
BUTTERFLYFISH,165635,Chaetodon humeralis,Actinopterygii,Fis-32747,1,2098201.6,945868.2,2242593.5,801476.281383499,AM,84.734,45.08,0.566,Butterflyfish,151,29,q2
BUTTERFLYFISH,165640,Heniochus chrysostomus,Actinopterygii,Fis-31454,1,18823418.7,10491676.6,22373992.5,6941102.74192058,AM,66.158,55.737,5.081,Butterflyfish,143,29,q1
BUTTERFLYFISH,165641,Chaetodon ornatissimus,Actinopterygii,Fis-31874,1,23152859.6,9598980.8,24799301.9,7952538.55825954,AM,82.848,41.459,6.25,Butterflyfish,177,29,q2
BUTTERFLYFISH,165652,Heniochus varius,Actinopterygii,Fis-25702,1,16636444.7,7774492.6,18528531.6,5882405.64125543,AM,75.663,46.732,4.491,Butterflyfish,94,29,q2
BUTTERFLYFISH,165667,Forcipiger longirostris,Actinopterygii,Fis-25699,1,22455662.4,14331258.3,28701313.5,8085607.2532105,AM,56.419,63.82,6.062,Butterflyfish,173,29,q3
BUTTERFLYFISH,165668,Chaetodon citrinellus,Actinopterygii,Fis-31431,1,24007345.3,11162423.9,27138416.2,8031352.95395768,AM,71.95,46.496,6.48,Butterflyfish,248,29,q2
BUTTERFLYFISH,165672,Hemitaurichthys polylepis,Actinopterygii,Fis-25700,1,18364449.5,8305078.3,21398991,5270536.8330495,AM,63.462,45.224,4.957,Butterflyfish,88,29,q2
BUTTERFLYFISH,165676,Chaetodon ocellicaudus,Actinopterygii,Fis-31438,1,7620913.7,4483955.1,8621738.6,3483130.12127706,AM,77.68,58.838,2.057,Butterflyfish,20,29,q1
BUTTERFLYFISH,165680,Chaetodon rafflesii,Actinopterygii,Fis-31442,1,16609713.3,9896867.1,19967768.9,6538811.53685512,AM,66.07,59.585,4.483,Butterflyfish,88,29,q1
BUTTERFLYFISH,165681,Chaetodon ephippium,Actinopterygii,Fis-31432,1,20496164.7,9935574.1,23263045.3,7168693.45360244,AM,72.152,48.475,5.533,Butterflyfish,172,29,q2
BUTTERFLYFISH,165683,Heniochus diphreutes,Actinopterygii,Fis-32521,1,10961578.2,13759839.8,19806902,4914515.89857522,IUCN,44.834,79.664,3.714,Butterflyfish,108,29,q3
BUTTERFLYFISH,165684,Chaetodon interruptus,Actinopterygii,Fis-151993,1,4445308.3,1438991.5,4652814.7,1231485.13758675,AM,85.58,32.371,1.2,Butterflyfish,27,29,q2
BUTTERFLYFISH,165689,Chaetodon melannotus,Actinopterygii,Fis-31435,1,24057098.3,11963017.5,26459985.6,9560130.20151849,AM,79.914,49.728,6.494,Butterflyfish,189,29,q2
BUTTERFLYFISH,165694,Chaetodon speculum,Actinopterygii,Fis-31445,1,16128346.5,11166415.2,19586122.1,7708639.53690154,AM,69.034,69.235,4.354,Butterflyfish,110,29,q1
BUTTERFLYFISH,165702,Coradion chrysozonus,Actinopterygii,Fis-25698,1,13237198.4,9920594.8,15751031,7406762.31764707,AM,74.66,74.945,3.573,Butterflyfish,158,29,q1
BUTTERFLYFISH,165706,Chelmonops curiosus,Actinopterygii,Fis-58081,1,849390.9,465868.1,883131.3,432127.796055494,AM,92.758,54.847,0.229,Butterflyfish,35,29,q1
BUTTERFLYFISH,165712,Chaetodon trifascialis,Actinopterygii,Fis-31447,1,27756631.1,12373501.6,29983443.3,10146689.4050521,AM,82.003,44.579,7.492,Butterflyfish,213,29,q2
BUTTERFLYFISH,165713,Chaetodon reticulatus,Actinopterygii,Fis-31443,1,13913726.3,5478300.8,15836094.7,3555932.37105824,AM,64.909,39.373,3.756,Butterflyfish,97,29,q2
BUTTERFLYFISH,165714,Chaetodon unimaculatus,Actinopterygii,Fis-31450,1,23927284.2,10128185.5,24827687.4,9227782.29824799,AM,91.11,42.329,6.459,Butterflyfish,163,29,q2
BUTTERFLYFISH,165716,Forcipiger flavissimus,Actinopterygii,Fis-31452,1,28781232.9,13272826,32091541.3,9962517.56644652,AM,75.06,46.116,7.769,Butterflyfish,238,29,q2
ANGELFISH,165829,Pomacanthus xanthometopon,Actinopterygii,Fis-25750,1,13797682.9,8705429.1,16375256.3,6127855.70484195,AM,70.391,63.093,3.724,Angelfish,45,10,q1
ANGELFISH,165832,Holacanthus bermudensis,Actinopterygii,Fis-30117,1,1815067.5,1522150.5,2256140.6,1081077.42751351,AM,71.023,83.862,0.49,Angelfish,90,10,q1
ANGELFISH,165835,Apolemichthys trimaculatus,Actinopterygii,Fis-26169,1,16823009.6,12081175.5,21602296.4,7301888.6614244,AM,60.44,71.813,4.541,Angelfish,107,10,q3
ANGELFISH,165840,Pomacanthus sexstriatus,Actinopterygii,Fis-26189,1,14017433.9,9773282.8,16173956.6,7616760.15217778,AM,77.935,69.722,3.784,Angelfish,103,10,q1
ANGELFISH,165860,Centropyge vrolikii,Actinopterygii,Fis-59453,1,15439242,7579214.7,17404334.7,5614121.9293852,AM,74.073,49.091,4.168,Angelfish,161,10,q2
ANGELFISH,165867,Pomacanthus navarchus,Actinopterygii,Fis-25749,1,8783150.5,6398765.6,11243830.9,3938085.18411512,AM,61.544,72.853,2.371,Angelfish,27,10,q3
ANGELFISH,165884,Chaetodontoplus mesoleucus,Actinopterygii,Fis-25748,1,9791313.4,6310676.3,11873821.2,4228168.54681788,AM,67,64.452,2.643,Angelfish,64,10,q1
ANGELFISH,165885,Pygoplites diacanthus,Actinopterygii,Fis-26195,1,25942170.3,14476332.8,29774593.4,10643909.7041561,AM,73.526,55.802,7.003,Angelfish,200,10,q1
ANGELFISH,165897,Centropyge nigriocella,Actinopterygii,Fis-143222,1,2877285.3,2548550.2,4932856.8,492978.691826727,AM,19.343,88.575,0.777,Angelfish,15,10,q3
ANGELFISH,165902,Centropyge bicolor,Actinopterygii,Fis-25632,1,19350458.4,12559948.7,23821274.9,8089132.09967345,AM,64.404,64.908,5.223,Angelfish,162,10,q1
LOBSTERS,169954,Scyllarides haanii,Malacostraca,ITS-199950,1,3060969.3,14274437.2,15864593.2,1470813.29238215,IUCN,48.051,21.444,3.853,Lobsters,17,8,q4
LOBSTERS,169955,Homarus gammarus,Malacostraca,ITS-97315,1,4693160.4,3377404.7,4911929.5,3158635.57736613,AM,93.523,71.964,1.267,Lobsters,286,8,q1
LOBSTERS,169979,Thenus orientalis,Malacostraca,ITS-553055,1,3926621.9,11917161.8,13651595.5,2192188.26857327,IUCN,55.829,32.949,3.217,Lobsters,199,8,q4
LOBSTERS,169999,Palinurus gilchristi,Malacostraca,ITS-552965,1,251824.7,391439.6,479109,164155.348636157,IUCN,65.186,64.333,0.106,Lobsters,48,8,q1
LOBSTERS,170000,Acanthacaris caeca,Malacostraca,ITS-97319,1,3462214.1,1823468.2,4610824.3,674857.961719681,AM,37.01,52.668,0.935,Lobsters,98,8,q4
LOBSTERS,170002,Scyllarides elisabethae,Malacostraca,ITS-553004,1,319522,295367,400077.2,214811.862507954,AM,72.727,92.44,0.086,Lobsters,31,8,q1
LOBSTERS,170009,Homarus americanus,Malacostraca,ITS-97314,1,1362828.3,1428760.1,1636205.9,1155382.46437385,IUCN,84.778,95.385,0.386,Lobsters,249,8,q1
LOBSTERS,170056,Scyllarus pygmaeus,Malacostraca,ITS-553024,1,2108419.4,1553431.1,2676950.8,984899.614125293,AM,63.402,73.678,0.569,Lobsters,22,8,q1
SEABREAMS_PORGIES,170153,Acanthopagrus schlegelii,Actinopterygii,Fis-150124,1,3209418.6,931255.3,3217466.5,923207.299490194,AM,99.136,29.016,0.866,Seabreams/Porgies,34,13,q2
SEABREAMS_PORGIES,170164,Rhabdosargus thorpei,Actinopterygii,Fis-32587,1,651644.7,595696,1007244.3,240096.443355072,AM,40.305,91.414,0.176,Seabreams/Porgies,19,13,q3
SEABREAMS_PORGIES,170166,Dentex maroccanus,Actinopterygii,Fis-31009,1,3296010.5,4110561.6,5079302.9,2327269.21102932,IUCN,70.609,80.184,1.11,Seabreams/Porgies,104,13,q1
SEABREAMS_PORGIES,170172,Spondyliosoma emarginatum,Actinopterygii,Fis-25688,1,317531.5,767432.1,956198.5,128765.119675827,IUCN,40.552,41.376,0.207,Seabreams/Porgies,48,13,q4
SEABREAMS_PORGIES,170186,Dentex gibbosus,Actinopterygii,Fis-25172,1,4241102.5,2854885.3,4643712.7,2452275.16016747,AM,85.898,67.315,1.145,Seabreams/Porgies,166,13,q1
SEABREAMS_PORGIES,170245,Dentex dentex,Actinopterygii,Fis-23108,1,3863512.2,1886204,4038420.1,1711296.07967163,AM,90.727,48.821,1.043,Seabreams/Porgies,124,13,q2
SEABREAMS_PORGIES,170251,Boops boops,Actinopterygii,Fis-22849,1,7200795.6,5310976.2,7621140.5,4890631.30850308,AM,92.085,73.755,1.944,Seabreams/Porgies,325,13,q1
SEABREAMS_PORGIES,170253,Sparus aurata,Actinopterygii,Fis-6123,1,4102523.7,3717658.9,5251457.1,2568725.50799984,AM,69.095,90.619,1.107,Seabreams/Porgies,107,13,q1
SEABREAMS_PORGIES,170263,Acanthopagrus latus,Actinopterygii,Fis-26067,1,1655943.1,9007776.1,9701059.5,962659.703626562,IUCN,58.134,18.383,2.431,Seabreams/Porgies,31,13,q4
SEABREAMS_PORGIES,170266,Acanthopagrus berda,Actinopterygii,Fis-25680,1,6293393.6,9069326.2,13210196.6,2152523.17986214,IUCN,34.203,69.392,2.448,Seabreams/Porgies,80,13,q3
TUNAS_BILLFISHES,170309,Kajikia audax,Actinopterygii,Fis-163398,1,173975205.3,208507232.1,209229678.4,173252758.978254,IUCN,99.585,83.438,56.283,Tunas/Billfish,1345,26,q1
TUNAS_BILLFISHES,170310,Katsuwonus pelamis,Actinopterygii,Fis-22777,1,228855976.1,282273619.7,283074694.4,228054901.461264,IUCN,99.65,81.076,76.195,Tunas/Billfish,2690,26,q1
TUNAS_BILLFISHES,170312,Istiompax indica,Actinopterygii,Fis-164254,1,182193011.9,198820514,199940268.5,181073257.404843,IUCN,99.385,91.637,53.668,Tunas/Billfish,1061,26,q1
TUNAS_BILLFISHES,170314,Makaira nigricans,Actinopterygii,Fis-29447,1,189222941.7,67754183.4,208813021.5,48164103.5901483,AM,71.087,35.807,51.077,Tunas/Billfish,838,26,q2
TUNAS_BILLFISHES,170315,Tetrapturus angustirostris,Actinopterygii,Fis-30712,1,151975050.6,189218880.9,198445739.4,142748192.124436,IUCN,93.929,80.317,51.076,Tunas/Billfish,461,26,q1
TUNAS_BILLFISHES,170320,Euthynnus lineatus,Actinopterygii,Fis-29391,1,9007139.1,1010678.3,9045678.6,972138.791940655,AM,96.187,11.221,2.431,Tunas/Billfish,111,26,q2
TUNAS_BILLFISHES,170326,Scomberomorus tritor,Actinopterygii,Fis-22830,1,4695463.9,1297762.1,5107853,885373.0265377,AM,68.223,27.639,1.267,Tunas/Billfish,99,26,q2
TUNAS_BILLFISHES,170327,Scomberomorus regalis,Actinopterygii,Fis-22827,1,5116819.7,3362277.7,6797215.7,1681881.74507089,AM,50.022,65.71,1.381,Tunas/Billfish,89,26,q3
TUNAS_BILLFISHES,170328,Rastrelliger kanagurta,Actinopterygii,Fis-22813,1,34481008.1,14771553.4,36547291.1,12705270.3797113,AM,86.012,42.84,9.308,Tunas/Billfish,297,26,q2
TUNAS_BILLFISHES,170329,Scomber australasicus,Actinopterygii,Fis-29506,1,15691270.9,14526918.1,24507157.8,5711031.23025774,AM,39.313,92.58,4.236,Tunas/Billfish,318,26,q3
TUNAS_BILLFISHES,170331,Acanthocybium solandri,Actinopterygii,Fis-22735,1,118936838.1,287476404.9,289975514.5,116437728.432756,IUCN,97.899,41.373,77.599,Tunas/Billfish,488,26,q2
TUNAS_BILLFISHES,170336,Euthynnus affinis,Actinopterygii,Fis-22758,1,39815533.8,17550510.2,42880174,14485869.9661461,AM,82.538,44.08,10.747,Tunas/Billfish,331,26,q2
TUNAS_BILLFISHES,170338,Istiophorus platypterus,Actinopterygii,Fis-22766,1,233313517.5,161569319.3,238353485.8,156529350.971046,AM,96.881,69.25,62.979,Tunas/Billfish,818,26,q1
TUNAS_BILLFISHES,170341,Thunnus orientalis,Actinopterygii,Fis-123736,1,50935998.9,152145157.5,153888884,49192272.4256983,IUCN,96.577,33.479,41.069,Tunas/Billfish,586,26,q2
TUNAS_BILLFISHES,170344,Auxis thazard,Actinopterygii,Fis-22739,1,58179630.4,39735973.4,70673917,27241686.7626043,AM,68.557,68.299,15.705,Tunas/Billfish,420,26,q1
TUNAS_BILLFISHES,170349,Allothunnus fallai,Actinopterygii,Fis-29265,1,65357091.8,91432005.9,93150984.3,63638113.3017075,IUCN,97.37,71.482,24.68,Tunas/Billfish,49,26,q1
TUNAS_BILLFISHES,170351,Thunnus tonggol,Actinopterygii,Fis-22838,1,24673631,15457864.2,29351760.3,10779734.882163,AM,69.736,62.649,6.66,Tunas/Billfish,128,26,q1
TUNAS_BILLFISHES,170354,Scomber scombrus,Actinopterygii,Fis-29508,1,10060395,7269678.5,11828648.9,5501424.64953389,AM,75.676,72.26,2.716,Tunas/Billfish,1178,26,q1
TUNAS_BILLFISHES,170355,Auxis rochei,Actinopterygii,Fis-22738,1,59030248.6,40615234.2,69239395.4,30406087.3521177,AM,74.864,68.804,15.934,Tunas/Billfish,198,26,q1
COMBTOOTHBLENNIES,172487,Omobranchus punctatus,Actinopterygii,Fis-26596,1,26924843.6,11452034.7,28077661.8,10299216.4652364,AM,89.934,42.533,7.268,Combtooth Blennies,64,17,q2
SURGEONFISH_TANGS_UNICORNFISH,177950,Naso lituratus,Actinopterygii,Fis-23658,1,21751955.8,11877792,24707625.4,8922122.35751999,AM,75.116,54.606,5.872,Surgeons/Tangs/Unicornfish,190,28,q2
SURGEONFISH_TANGS_UNICORNFISH,177953,Acanthurus coeruleus,Actinopterygii,Fis-29261,1,4994168.8,3172993.1,5572269.2,2594892.67594931,AM,81.781,63.534,1.348,Surgeons/Tangs/Unicornfish,243,28,q1
SURGEONFISH_TANGS_UNICORNFISH,177957,Acanthurus maculiceps,Actinopterygii,Fis-25286,1,13228263.7,5847230.9,14804348.1,4271146.52758674,AM,73.046,44.203,3.571,Surgeons/Tangs/Unicornfish,44,28,q2
SURGEONFISH_TANGS_UNICORNFISH,177958,Ctenochaetus cyanocheilus,Actinopterygii,Fis-145166,1,15829909.5,4337495.1,16491332,3676072.65140449,AM,84.751,27.401,4.273,Surgeons/Tangs/Unicornfish,59,28,q2
SURGEONFISH_TANGS_UNICORNFISH,177960,Acanthurus achilles,Actinopterygii,Fis-30911,1,8644150.9,2115147.2,9665750.7,1093547.44584547,AM,51.701,24.469,2.333,Surgeons/Tangs/Unicornfish,74,28,q4
SURGEONFISH_TANGS_UNICORNFISH,177964,Ctenochaetus marginatus,Actinopterygii,Fis-25953,1,3088001.1,894451.9,3689132.7,293320.369786929,AM,32.793,28.965,0.834,Surgeons/Tangs/Unicornfish,26,28,q4
SURGEONFISH_TANGS_UNICORNFISH,177967,Acanthurus mata,Actinopterygii,Fis-29578,1,27704481.7,15270075.5,29963875,13010682.1393184,AM,85.204,55.118,7.478,Surgeons/Tangs/Unicornfish,127,28,q1
SURGEONFISH_TANGS_UNICORNFISH,177971,Acanthurus blochii,Actinopterygii,Fis-31087,1,19341333,10190046.5,23171163.9,6360215.55139887,AM,62.416,52.685,5.221,Surgeons/Tangs/Unicornfish,159,28,q4
SURGEONFISH_TANGS_UNICORNFISH,177974,Acanthurus auranticavus,Actinopterygii,Fis-31085,1,9848491.9,8338031.9,13898943.9,4287579.88006981,AM,51.422,84.663,2.658,Surgeons/Tangs/Unicornfish,42,28,q3
SURGEONFISH_TANGS_UNICORNFISH,177981,Acanthurus dussumieri,Actinopterygii,Fis-29579,1,21151274.1,16079531.4,26420048.5,10810757.0192332,AM,67.233,76.022,5.709,Surgeons/Tangs/Unicornfish,202,28,q1
SURGEONFISH_TANGS_UNICORNFISH,177985,Acanthurus bahianus,Actinopterygii,Fis-29260,1,861385.6,3141524.8,3598484.4,404426.004526573,IUCN,46.951,27.419,0.848,Surgeons/Tangs/Unicornfish,332,28,q4
SURGEONFISH_TANGS_UNICORNFISH,177991,Acanthurus olivaceus,Actinopterygii,Fis-31082,1,20666261.8,8541677.6,22485103.4,6722836.0485827,AM,78.706,41.332,5.578,Surgeons/Tangs/Unicornfish,172,28,q2
SURGEONFISH_TANGS_UNICORNFISH,177993,Acanthurus lineatus,Actinopterygii,Fis-23320,1,26188352.9,11988689.2,28928415.5,9248626.65219339,AM,77.145,45.779,7.069,Surgeons/Tangs/Unicornfish,273,28,q2
SURGEONFISH_TANGS_UNICORNFISH,177998,Acanthurus tristis,Actinopterygii,Fis-35352,1,2750319.4,1106959.4,2956711.6,900567.172492204,AM,81.355,40.248,0.742,Surgeons/Tangs/Unicornfish,12,28,q2
SURGEONFISH_TANGS_UNICORNFISH,177999,Acanthurus nigroris,Actinopterygii,Fis-31079,1,687777.5,7274365,7800076.9,162065.606751482,IUCN,23.564,9.455,1.964,Surgeons/Tangs/Unicornfish,109,28,q4
SURGEONFISH_TANGS_UNICORNFISH,178000,Acanthurus leucosternon,Actinopterygii,Fis-29580,1,6101563.3,3524518.1,7379399.5,2246681.97967536,AM,63.744,57.764,1.647,Surgeons/Tangs/Unicornfish,76,28,q1
SURGEONFISH_TANGS_UNICORNFISH,178004,Naso elegans,Actinopterygii,Fis-146727,1,7160241.5,3011201.5,7916241.7,2255201.29513093,AM,74.894,42.054,1.933,Surgeons/Tangs/Unicornfish,24,28,q2
SURGEONFISH_TANGS_UNICORNFISH,178005,Zebrasoma scopas,Actinopterygii,Fis-25907,1,27766325.7,13527292.9,30084198,11209420.5815959,AM,82.865,48.718,7.495,Surgeons/Tangs/Unicornfish,246,28,q2
SURGEONFISH_TANGS_UNICORNFISH,178006,Acanthurus grammoptilus,Actinopterygii,Fis-31086,1,2953964.7,8984126.6,9873196.9,2064894.43566999,IUCN,69.902,32.88,2.425,Surgeons/Tangs/Unicornfish,77,28,q2
SURGEONFISH_TANGS_UNICORNFISH,178007,Acanthurus albipectoralis,Actinopterygii,Fis-35635,1,2490071.2,1062668.7,2729277,823462.882878217,AM,77.49,42.676,0.672,Surgeons/Tangs/Unicornfish,22,28,q2
SURGEONFISH_TANGS_UNICORNFISH,178011,Acanthurus leucopareius,Actinopterygii,Fis-25283,1,4776356.6,2090486.9,6265338,601505.487563517,AM,28.773,43.767,1.289,Surgeons/Tangs/Unicornfish,68,28,q4
SURGEONFISH_TANGS_UNICORNFISH,178012,Ctenochaetus striatus,Actinopterygii,Fis-23451,1,27116334.8,13132351,30020688.9,10227996.9559817,AM,77.884,48.43,7.32,Surgeons/Tangs/Unicornfish,307,28,q2
SURGEONFISH_TANGS_UNICORNFISH,178016,Prionurus microlepidotus,Actinopterygii,Fis-35282,1,547449.7,1971891.6,2190894.2,328447.125550651,IUCN,59.996,27.763,0.532,Surgeons/Tangs/Unicornfish,26,28,q4
SURGEONFISH_TANGS_UNICORNFISH,178022,Acanthurus pyroferus,Actinopterygii,Fis-31081,1,20172460.5,9437597.7,23041297.6,6568760.66204654,AM,69.602,46.785,5.445,Surgeons/Tangs/Unicornfish,129,28,q2
SURGEONFISH_TANGS_UNICORNFISH,178024,Zebrasoma desjardinii,Actinopterygii,Fis-143889,1,7115479.6,3060647.5,7885312.6,2290814.4895842,AM,74.847,43.014,1.921,Surgeons/Tangs/Unicornfish,42,28,q2
SEACUCUMBERS,180265,Actinopyga miliaris,Holothuroidea,SLB-88336,1,25139142.4,9328049.6,26205882.3,8261309.62923293,AM,88.564,37.106,6.786,Sea Cucumbers,61,1,q2
BONEFISH_TARPONS,182549,Elops lacerta,Actinopterygii,Fis-31165,1,1335274.8,808710.4,1470878.1,673107.083632964,AM,83.232,60.565,0.36,Bonefish/Tarpon,94,2,q1
COMBTOOTHBLENNIES,183308,Ophioblennius steindachneri,Actinopterygii,Fis-32760,1,1580817.2,780705.7,1757500.3,604022.595359723,AM,77.369,49.386,0.427,Combtooth Blennies,157,17,q2
SURGEONFISH_TANGS_UNICORNFISH,183310,Prionurus laticlavius,Actinopterygii,Fis-35548,1,1238571.6,187805,1292225.4,134151.12625413,AM,71.431,15.163,0.334,Surgeons/Tangs/Unicornfish,38,28,q2
DAMSELFISH,183397,Abudefduf troschelii,Actinopterygii,Fis-26922,1,2043748.6,907662.2,2194650.5,756760.171819546,AM,83.375,44.412,0.552,Damselfish,139,6,q2
DAMSELFISH,183431,Stegastes acapulcoensis,Actinopterygii,Fis-28527,1,1292393.7,825640.7,1610572.8,507461.641310471,AM,61.463,63.885,0.349,Damselfish,73,6,q3
DAMSELFISH,183530,Stegastes arcifrons,Actinopterygii,Fis-28528,1,288547.7,82981.1,328482.6,43046.2305277016,AM,51.875,28.758,0.078,Damselfish,32,6,q4
DAMSELFISH,183747,Stegastes flavilatus,Actinopterygii,Fis-28529,1,1538945.1,605146.7,1676905,467186.759115287,AM,77.202,39.322,0.415,Damselfish,108,6,q2
COMBTOOTHBLENNIES,183886,Entomacrodus chiostictus,Actinopterygii,Fis-113684,1,1326675.3,601004.9,1451065.5,476614.720713842,AM,79.303,45.302,0.358,Combtooth Blennies,60,17,q2
COMBTOOTHBLENNIES,185156,Lipophrys canevae,Actinopterygii,Fis-49060,1,2164464.1,1001471.4,2225341.7,940593.711703543,AM,93.921,46.269,0.584,Combtooth Blennies,23,17,q2
WRASSE,187378,Bodianus opercularis,Actinopterygii,Fis-58702,1,1650596.2,2594853,3470915.4,774533.780184709,IUCN,46.924,63.61,0.7,Wrasses,11,46,q3
WRASSE,187381,Thalassoma lunare,Actinopterygii,Fis-25735,1,26944345.3,12977131.8,28776377.3,11145099.9040365,AM,85.883,48.163,7.273,Wrasses,291,46,q2
WRASSE,187383,Cheilio inermis,Actinopterygii,Fis-25718,1,26383638.7,13269621.7,29351125.6,10302134.7448997,AM,77.637,50.295,7.122,Wrasses,168,46,q2
WRASSE,187384,Cheilinus chlorourus,Actinopterygii,Fis-25705,1,23716634.3,12428204.7,27002080.5,9142758.45470254,AM,73.565,52.403,6.402,Wrasses,192,46,q2
WRASSE,187396,Labroides dimidiatus,Actinopterygii,Fis-25637,1,30151232.2,13947964,31567465.1,12531731.1720533,AM,89.846,46.26,8.139,Wrasses,407,46,q2
WRASSE,187417,Coris batuensis,Actinopterygii,Fis-58535,1,13484235.4,9969344.2,17816370.8,5637208.74741671,AM,56.545,73.933,3.64,Wrasses,86,46,q3
WRASSE,187424,Stethojulis bandanensis,Actinopterygii,Fis-25730,1,22324838.1,9842644.4,24648167.8,7519314.62810002,AM,76.395,44.088,6.026,Wrasses,239,46,q2
WRASSE,187428,Halichoeres leucoxanthus,Actinopterygii,Fis-32540,1,1395023.6,5919102.3,6623579.1,690546.724820815,IUCN,49.501,23.568,1.598,Wrasses,15,46,q4
WRASSE,187436,Coris gaimard,Actinopterygii,Fis-48603,1,18110055.4,11398875.9,23087960.8,6420970.43702626,AM,56.33,62.942,4.888,Wrasses,183,46,q3
WRASSE,187443,Halichoeres margaritaceus,Actinopterygii,Fis-25722,1,19122470.4,8262665.1,21426105.6,5959029.83340758,AM,72.12,43.209,5.162,Wrasses,178,46,q2
WRASSE,187448,Tautogolabrus adspersus,Actinopterygii,Fis-25027,1,1654331.8,1239144.1,1699975.8,1193500.03071011,AM,96.316,74.903,0.447,Wrasses,262,46,q1
WRASSE,187476,Hemigymnus melapterus,Actinopterygii,Fis-25726,1,23947007.6,12835711.1,27007251.4,9775467.31439397,AM,76.158,53.6,6.464,Wrasses,175,46,q2
WRASSE,187477,Pseudocheilinus hexataenia,Actinopterygii,Fis-25716,1,23230104.7,13872848.6,28285765.2,8817188.11110062,AM,63.557,59.719,6.271,Wrasses,308,46,q1
WRASSE,187478,Halichoeres leucurus,Actinopterygii,Fis-138814,1,8884656,5629175.3,10784691.5,3729139.73209359,AM,66.247,63.358,2.398,Wrasses,31,46,q1
WRASSE,187479,Tautoga onitis,Actinopterygii,Fis-23293,1,626724.6,605824,756321.7,476226.884857844,AM,78.608,96.665,0.169,Wrasses,69,46,q1
WRASSE,187485,Suezichthys notatus,Actinopterygii,Fis-25107,1,849773.6,1228480.5,1781066.6,297187.448264811,IUCN,34.973,69.173,0.332,Wrasses,6,46,q3
WRASSE,187517,Diproctacanthus xanthurus,Actinopterygii,Fis-25463,1,10572855.4,6546207.5,12381187.4,4737875.53756462,AM,72.376,61.915,2.854,Wrasses,35,46,q1
WRASSE,187536,Gomphosus varius,Actinopterygii,Fis-31473,1,21260989.2,11448096.5,25176139.8,7532945.92859241,AM,65.801,53.846,5.739,Wrasses,247,46,q2
WRASSE,187544,Cirrhilabrus cyanopleura,Actinopterygii,Fis-25462,1,9565344.8,6933817.5,11970515.2,4528647.12541944,AM,65.312,72.489,2.582,Wrasses,67,46,q1
WRASSE,187547,Pseudocoris yamashiroi,Actinopterygii,Fis-25729,1,15789445.5,7795845.5,18382431.5,5202859.56786939,AM,66.739,49.374,4.262,Wrasses,55,46,q2
WRASSE,187559,Thalassoma hardwicke,Actinopterygii,Fis-10657,1,26724270.3,11520121.5,28589836.3,9654555.5976261,AM,83.806,43.107,7.214,Wrasses,234,46,q2
WRASSE,187563,Stethojulis interrupta,Actinopterygii,Fis-26230,1,16011053.4,11153695.5,19260268.2,7904480.69442308,AM,70.869,69.662,4.322,Wrasses,164,46,q1
WRASSE,187568,Choerodon oligacanthus,Actinopterygii,Fis-26998,1,3439833.8,7230999.8,8646139.9,2024693.62495312,IUCN,58.86,47.571,1.952,Wrasses,16,46,q4
WRASSE,187575,Labroides pectoralis,Actinopterygii,Fis-31478,1,13361907.2,5642586.8,14786235.1,4218258.83392775,AM,74.758,42.229,3.607,Wrasses,53,46,q2
WRASSE,187587,Bodianus diana,Actinopterygii,Fis-25661,1,6812186,2121383.3,7183262.2,1750307.06466364,AM,82.508,31.141,1.839,Wrasses,42,46,q2
WRASSE,187588,Suezichthys aylingi,Actinopterygii,Fis-30957,1,507962.9,865129.8,1138066.5,235026.215905922,IUCN,46.268,58.715,0.234,Wrasses,13,46,q3
WRASSE,187604,Pteragogus enneacanthus,Actinopterygii,Fis-127206,1,10388373.6,6443041.8,12697737.7,4133677.63359497,AM,64.157,62.022,2.804,Wrasses,56,46,q1
WRASSE,187646,Bodianus mesothorax,Actinopterygii,Fis-25662,1,13969060.9,9091882,17140365.1,5920577.70196539,AM,65.119,65.086,3.771,Wrasses,115,46,q1
WRASSE,187673,Halichoeres hortulanus,Actinopterygii,Fis-28580,1,26384411.5,11797576.4,28933557.4,9248430.4213747,AM,78.393,44.714,7.122,Wrasses,295,46,q2
WRASSE,187677,Halichoeres melanurus,Actinopterygii,Fis-25352,1,12911533.1,8771466,16591555.8,5091443.22172963,AM,58.046,67.935,3.485,Wrasses,139,46,q3
WRASSE,187692,Macropharyngodon meleagris,Actinopterygii,Fis-25409,1,18539701.2,9154835.2,21539162.8,6155373.55870237,AM,67.236,49.38,5.004,Wrasses,129,46,q2
WRASSE,187693,Thalassoma nigrofasciatum,Actinopterygii,Fis-158172,1,4371871.1,1617660.5,4718854.2,1270677.39046583,AM,78.55,37.002,1.18,Wrasses,24,46,q2
WRASSE,187716,Anampses caeruleopunctatus,Actinopterygii,Fis-31132,1,28080937.9,12460308.3,30446807.7,10094438.4291942,AM,81.013,44.373,7.58,Wrasses,149,46,q2
WRASSE,187723,Anampses meleagrides,Actinopterygii,Fis-31133,1,21514165.3,13783559,26611493.4,8686230.90355443,AM,63.019,64.067,5.807,Wrasses,91,46,q3
WRASSE,187739,Cheilinus fasciatus,Actinopterygii,Fis-25707,1,22381283.3,13981623,26347321.3,10015585.0563014,AM,71.634,62.47,6.041,Wrasses,207,46,q1
WRASSE,187744,Bodianus loxozonus,Actinopterygii,Fis-28609,1,10873938.1,9132291.4,16439843.8,3566385.75308251,AM,39.052,83.983,2.935,Wrasses,50,46,q3
WRASSE,187779,Thalassoma hebraicum,Actinopterygii,Fis-26804,1,3775062.9,1449905.3,3970684.1,1254284.0573086,AM,86.508,38.407,1.019,Wrasses,60,46,q2
WRASSE,187780,Thalassoma jansenii,Actinopterygii,Fis-25734,1,13193538.6,9572541.5,16972120.6,5793959.53144549,AM,60.527,72.555,3.561,Wrasses,111,46,q3
WRASSE,187803,Centrolabrus exoletus,Actinopterygii,Fis-22745,1,1782196.7,1538622.2,2511681.9,809137.025063275,AM,52.588,86.333,0.481,Wrasses,156,46,q3
DAMSELFISH,188419,Abudefduf luridus,Actinopterygii,Fis-28218,1,881437.3,232148.2,975710.1,137875.50169052,AM,59.391,26.337,0.238,Damselfish,24,6,q4
DAMSELFISH,188581,Abudefduf saxatilis,Actinopterygii,Fis-23318,1,6658342.5,3764107.2,7609969.9,2812479.85141487,AM,74.718,56.532,1.797,Damselfish,292,6,q1
PUFFERFISH,190193,Sphoeroides pachygaster,Actinopterygii,Fis-25001,1,37284934.3,25512506.2,44876649.4,17920791.1457978,AM,70.243,68.426,10.064,Pufferfish,65,7,q1
WRASSE,190715,Chlorurus sordidus,Actinopterygii,Fis-63983,1,7609052.9,12474725.3,17240417.5,2843360.7697541,IUCN,37.368,60.996,3.367,Wrasses,267,46,q3
WRASSE,190736,Scarus psittacus,Actinopterygii,Fis-31424,1,25348197.1,12794507.9,28897810.8,9244894.08849665,AM,72.257,50.475,6.842,Wrasses,217,46,q2
WRASSE,190744,Chlorurus bleekeri,Actinopterygii,Fis-121729,1,12528395.7,6466751.8,14115743.8,4879403.59355962,AM,75.454,51.617,3.382,Wrasses,44,46,q2
PUFFERFISH,193623,Canthigaster papua,Actinopterygii,Fis-134077,1,11616504.2,6897368.2,13748534,4765338.41536434,AM,69.089,59.376,3.136,Pufferfish,38,7,q1
PUFFERFISH,193699,Arothron hispidus,Actinopterygii,Fis-25619,1,31262213.8,17046097.4,34728854.4,13579456.6961151,AM,79.663,54.526,8.439,Pufferfish,295,7,q2
PUFFERFISH,193712,Arothron stellatus,Actinopterygii,Fis-163987,1,28145316.8,15942263.9,31238185.1,12849395.6413257,AM,80.6,56.643,7.597,Pufferfish,144,7,q1
PUFFERFISH,193741,Torquigener perlevis,Actinopterygii,Fis-127173,1,694616.5,992149.2,1183202.1,503563.550341283,IUCN,72.495,70.011,0.268,Pufferfish,10,7,q1
PUFFERFISH,193804,Arothron nigropunctatus,Actinopterygii,Fis-26097,1,20499192.4,11926005,24594966.6,7830230.82096383,AM,65.657,58.178,5.533,Pufferfish,211,7,q1
PUFFERFISH,193805,Arothron immaculatus,Actinopterygii,Fis-26418,1,13186839.4,11794757.7,19036444.3,5945152.7628764,AM,50.405,89.443,3.56,Pufferfish,98,7,q3
BONEFISH_TARPONS,194299,Albula glossodonta,Actinopterygii,Fis-28123,1,11570443.7,8162036.7,16192361.8,3540118.60812189,AM,43.373,70.542,3.123,Bonefish/Tarpon,16,2,q3
COMBTOOTHBLENNIES,194855,Parablennius rouxi,Actinopterygii,Fis-112810,1,1664880.2,1218130.9,2116023.6,766987.541296608,AM,62.964,73.166,0.449,Combtooth Blennies,27,17,q3
GROUPERS,195409,Epinephelus itajara,Actinopterygii,Fis-22720,1,6295075.4,5451887.5,7742249.1,4004713.84826476,AM,73.456,86.606,1.699,Groupers,225,24,q1
COMBTOOTHBLENNIES,46079476,Blenniella periophthalmus,Actinopterygii,Fis-50786,1,13361110.1,9864631.2,17867428.2,5358313.1063121,AM,54.318,73.831,3.607,Combtooth Blennies,131,17,q3
SEABREAMS_PORGIES,47137465,Calamus brachysomus,Actinopterygii,Fis-24473,1,2075055.4,776310.9,2084069.9,767296.330035994,AM,98.839,37.412,0.56,Seabreams/Porgies,83,13,q2
COMBTOOTHBLENNIES,48342111,Salarias fasciatus,Actinopterygii,Fis-25988,1,21053916.5,10039548.9,23077035,8016430.50338489,AM,79.849,47.685,5.683,Combtooth Blennies,209,17,q2
COMBTOOTHBLENNIES,48342115,Blenniella chrysospilos,Actinopterygii,Fis-22136,1,16056232.8,9790611.8,20067519.6,5779324.93674039,AM,59.029,60.977,4.334,Combtooth Blennies,110,17,q3
COMBTOOTHBLENNIES,48342246,Atrosalarias fuscus,Actinopterygii,Fis-58823,1,15237751.8,1158044.7,15874428.6,521367.939169292,AM,45.021,7.6,4.113,Combtooth Blennies,3,17,q4
COMBTOOTHBLENNIES,48342277,Cirripectes alboapicalis,Actinopterygii,Fis-25097,1,1064760.4,543092.1,1544550.7,63301.8457333636,AM,11.656,51.006,0.287,Combtooth Blennies,20,17,q4
COMBTOOTHBLENNIES,48342292,Stanulus seychellensis,Actinopterygii,Fis-31632,1,11239646.1,6121824.4,14329186.8,3032283.70957844,AM,49.532,54.466,3.034,Combtooth Blennies,60,17,q4
COMBTOOTHBLENNIES,48342337,Istiblennius unicolor,Actinopterygii,Fis-58117,1,754384.2,360862.8,760300.4,354946.602971122,AM,98.361,47.835,0.204,Combtooth Blennies,3,17,q2
COMBTOOTHBLENNIES,48342341,Ecsenius fourmanoiri,Actinopterygii,Fis-62262,1,870837.1,458346,1083256.5,245926.536563225,AM,53.655,52.633,0.235,Combtooth Blennies,19,17,q4
COMBTOOTHBLENNIES,48342428,Cirripectes quagga,Actinopterygii,Fis-25102,1,16103082.2,10318718.8,21931928,4489873.07424692,AM,43.512,64.079,4.347,Combtooth Blennies,91,17,q3
COMBTOOTHBLENNIES,48342451,Ecsenius yaeyamaensis,Actinopterygii,Fis-25970,1,10875935.8,7260483.7,13339568.5,4796851.0361637,AM,66.068,66.757,2.936,Combtooth Blennies,100,17,q1
COMBTOOTHBLENNIES,48342493,Ecsenius axelrodi,Actinopterygii,Fis-35891,1,1673465.3,774508.2,1974157.8,473815.673185403,AM,61.176,46.282,0.452,Combtooth Blennies,20,17,q4
SEABREAMS_PORGIES,59034974,Evynnis cardinalis,Actinopterygii,Fis-26854,1,1685865.7,2316761.1,2901934.3,1100692.55114184,IUCN,65.289,72.768,0.625,Seabreams/Porgies,18,13,q1
