iucn_sid,sciname,d_perc,a_ratio,method,quad,n_total,n_quad,pct_quad,quad_name
132859,Oulastrea crispata,76.653,43.68,original,q2,362,222,0.6132596685082873,dist-matched
132860,Psammocora stellata,52.481,53.436,original,q4,362,16,0.04419889502762431,poorly matched
132864,Cycloseris costulata,76.036,29.69,original,q2,362,222,0.6132596685082873,dist-matched
132866,Montipora angulata,77.061,65.399,original,q1,362,81,0.22375690607734808,well-matched
132869,Acropora florida,89.616,43.673,original,q2,362,222,0.6132596685082873,dist-matched
132871,Pectinia elongata,88.473,16.313,original,q2,362,222,0.6132596685082873,dist-matched
132874,Scolymia lacera,19.524,66.822,original,q3,362,43,0.11878453038674033,area-matched
132875,Pocillopora kelleheri,44.441,82.769,original,q3,362,43,0.11878453038674033,area-matched
132876,Leptoseris tubulifera,69.612,37.703,original,q2,362,222,0.6132596685082873,dist-matched
132877,Fungia fralinae,90.521,29.487,original,q2,362,222,0.6132596685082873,dist-matched
132878,Favia maxima,90.768,28.016,original,q2,362,222,0.6132596685082873,dist-matched
132880,Pavona venosa,85.842,47.441,original,q2,362,222,0.6132596685082873,dist-matched
132883,Goniastrea australensis,85.632,24.195,original,q2,362,222,0.6132596685082873,dist-matched
132884,Colpophyllia natans,95.37,38.024,original,q2,362,222,0.6132596685082873,dist-matched
132885,Leptoseris hawaiiensis,78.477,52.444,original,q2,362,222,0.6132596685082873,dist-matched
132892,Montipora hodgsoni,73.974,68.303,original,q1,362,81,0.22375690607734808,well-matched
132894,Favia veroni,89.774,27.24,original,q2,362,222,0.6132596685082873,dist-matched
132900,Symphyllia radians,80.671,59.714,original,q1,362,81,0.22375690607734808,well-matched
132903,Leptoseris solida,61.567,44.787,original,q4,362,16,0.04419889502762431,poorly matched
132909,Acropora turaki,72.324,65.812,original,q1,362,81,0.22375690607734808,well-matched
132911,Pavona maldivensis,82.525,51.55,original,q2,362,222,0.6132596685082873,dist-matched
132916,Turbinaria irregularis,91.0,15.909,original,q2,362,222,0.6132596685082873,dist-matched
132917,Gardineroseris planulata,80.806,53.977,original,q2,362,222,0.6132596685082873,dist-matched
132923,Pocillopora woodjonesi,87.635,48.117,original,q2,362,222,0.6132596685082873,dist-matched
132927,Leptoseris striata,86.247,21.813,original,q2,362,222,0.6132596685082873,dist-matched
132928,Pectinia lactuca,88.024,39.934,original,q2,362,222,0.6132596685082873,dist-matched
132931,Acropora willisae,75.724,51.828,original,q2,362,222,0.6132596685082873,dist-matched
132933,Acropora carduus,52.103,82.408,original,q3,362,43,0.11878453038674033,area-matched
132935,Acropora plumosa,79.233,59.11,original,q1,362,81,0.22375690607734808,well-matched
132940,Acropora acuminata,89.711,36.051,original,q2,362,222,0.6132596685082873,dist-matched
132942,Montipora patula,100.0,10.838,original,q2,362,222,0.6132596685082873,dist-matched
132957,Turbinaria bifrons,62.04,37.017,original,q4,362,16,0.04419889502762431,poorly matched
132962,Symphyllia erythraea,73.222,32.362,original,q2,362,222,0.6132596685082873,dist-matched
132963,Manicina areolata,83.956,63.423,original,q1,362,81,0.22375690607734808,well-matched
132967,Euphyllia yaeyamaensis,69.75,58.085,original,q1,362,81,0.22375690607734808,well-matched
132968,Halomitra clavator,25.94,67.177,original,q3,362,43,0.11878453038674033,area-matched
132969,Acropora listeri,82.189,44.698,original,q2,362,222,0.6132596685082873,dist-matched
132970,Agaricia lamarcki,95.16,42.55,original,q2,362,222,0.6132596685082873,dist-matched
132972,Acropora paniculata,76.533,48.887,original,q2,362,222,0.6132596685082873,dist-matched
132974,Plerogyra discus,77.574,51.766,original,q2,362,222,0.6132596685082873,dist-matched
132977,Montipora stilosa,66.751,56.703,original,q1,362,81,0.22375690607734808,well-matched
132980,Leptoria phrygia,90.667,29.484,original,q2,362,222,0.6132596685082873,dist-matched
132983,Leptastrea bottae,57.158,51.889,original,q4,362,16,0.04419889502762431,poorly matched
132984,Acropora derawanensis,78.609,65.357,original,q1,362,81,0.22375690607734808,well-matched
132987,Echinopora gemmacea,81.952,44.975,original,q2,362,222,0.6132596685082873,dist-matched
132988,Acropora longicyathus,80.522,47.648,original,q2,362,222,0.6132596685082873,dist-matched
132990,Acropora multiacuta,70.353,67.645,original,q1,362,81,0.22375690607734808,well-matched
132991,Coscinaraea crassa,71.208,44.525,original,q2,362,222,0.6132596685082873,dist-matched
132992,Acropora humilis,83.148,44.927,original,q2,362,222,0.6132596685082873,dist-matched
132996,Fungia seychellensis,50.964,54.257,original,q4,362,16,0.04419889502762431,poorly matched
133002,Seriatopora stellata,66.126,57.343,original,q1,362,81,0.22375690607734808,well-matched
133003,Leptastrea bewickensis,50.538,45.089,original,q4,362,16,0.04419889502762431,poorly matched
133006,Acropora palmata,95.622,41.77,original,q2,362,222,0.6132596685082873,dist-matched
133007,Montipora malampaya,74.438,57.318,original,q1,362,81,0.22375690607734808,well-matched
133008,Fungia spinifer,90.686,24.691,original,q2,362,222,0.6132596685082873,dist-matched
133011,Pocillopora ankeli,79.09,59.322,original,q1,362,81,0.22375690607734808,well-matched
133013,Acropora grandis,80.832,49.089,original,q2,362,222,0.6132596685082873,dist-matched
133020,Acropora tenuis,84.663,46.461,original,q2,362,222,0.6132596685082873,dist-matched
133023,Porites lichen,90.164,23.288,original,q2,362,222,0.6132596685082873,dist-matched
133024,Merulina scabricula,92.142,23.942,original,q2,362,222,0.6132596685082873,dist-matched
133025,Acropora vaughani,88.606,42.604,original,q2,362,222,0.6132596685082873,dist-matched
133026,Mycedium mancaoi,85.06,13.591,original,q2,362,222,0.6132596685082873,dist-matched
133029,Favia rotumana,91.766,14.743,original,q2,362,222,0.6132596685082873,dist-matched
133031,Montipora effusa,56.342,70.188,original,q3,362,43,0.11878453038674033,area-matched
133032,Lobophyllia flabelliformis,63.474,88.113,original,q1,362,81,0.22375690607734808,well-matched
133033,Acropora pulchra,83.085,46.63,original,q2,362,222,0.6132596685082873,dist-matched
133034,Cycloseris fragilis,91.729,28.226,original,q2,362,222,0.6132596685082873,dist-matched
133034,Cycloseris patelliformis,91.729,28.226,original,q2,362,222,0.6132596685082873,dist-matched
133038,Porites nigrescens,99.66,7.383,original,q2,362,222,0.6132596685082873,dist-matched
133043,Psammocora digitata,83.1,51.166,original,q2,362,222,0.6132596685082873,dist-matched
133045,Pocillopora ligulata,14.519,98.856,original,q3,362,43,0.11878453038674033,area-matched
133046,Anacropora spinosa,68.916,58.603,original,q1,362,81,0.22375690607734808,well-matched
133053,Scolymia cubensis,88.049,57.107,original,q1,362,81,0.22375690607734808,well-matched
133055,Favites halicora,92.136,27.413,original,q2,362,222,0.6132596685082873,dist-matched
133057,Euphyllia paradivisa,85.065,44.042,original,q2,362,222,0.6132596685082873,dist-matched
133058,Echinophyllia echinata,78.647,26.404,original,q2,362,222,0.6132596685082873,dist-matched
133059,Platygyra verweyi,83.203,54.816,original,q1,362,81,0.22375690607734808,well-matched
133064,Montipora florida,82.968,48.393,original,q2,362,222,0.6132596685082873,dist-matched
133066,Montipora informis,86.47,51.7,original,q2,362,222,0.6132596685082873,dist-matched
133070,Montastrea colemani,66.871,69.479,original,q1,362,81,0.22375690607734808,well-matched
133071,Montipora foliosa,83.076,49.41,original,q2,362,222,0.6132596685082873,dist-matched
133076,Lobophyllia robusta,66.079,62.743,original,q1,362,81,0.22375690607734808,well-matched
133081,Acropora kirstyae,73.896,37.598,original,q2,362,222,0.6132596685082873,dist-matched
133082,Porites lutea,94.769,21.861,original,q2,362,222,0.6132596685082873,dist-matched
133084,Barabattoia amicorum,91.855,28.161,original,q2,362,222,0.6132596685082873,dist-matched
133087,Acropora subglabra,89.707,50.101,original,q2,362,222,0.6132596685082873,dist-matched
133088,Echinopora lamellosa,88.797,34.483,original,q2,362,222,0.6132596685082873,dist-matched
133089,Echinophyllia patula,92.622,15.906,original,q2,362,222,0.6132596685082873,dist-matched
133090,Leptastrea purpurea,90.0,35.026,original,q2,362,222,0.6132596685082873,dist-matched
133092,Astreopora incrustans,55.732,87.121,original,q3,362,43,0.11878453038674033,area-matched
133094,Psammocora nierstraszi,78.62,46.932,original,q2,362,222,0.6132596685082873,dist-matched
133096,Porites columnaris,48.355,94.963,original,q3,362,43,0.11878453038674033,area-matched
133097,Pocillopora danae,65.602,70.527,original,q1,362,81,0.22375690607734808,well-matched
133099,Pocillopora elegans,53.607,65.637,original,q3,362,43,0.11878453038674033,area-matched
133106,Acanthastrea hillae,87.127,42.889,original,q2,362,222,0.6132596685082873,dist-matched
133109,Galaxea acrhelia,63.025,46.744,original,q2,362,222,0.6132596685082873,dist-matched
133110,Ctenactis crassa,89.259,31.462,original,q2,362,222,0.6132596685082873,dist-matched
133111,Montipora saudii,95.981,45.793,original,q2,362,222,0.6132596685082873,dist-matched
133112,Acropora caroliniana,57.366,71.415,original,q3,362,43,0.11878453038674033,area-matched
133113,Montipora cactus,73.508,53.914,original,q2,362,222,0.6132596685082873,dist-matched
133115,Acropora retusa,48.426,73.587,original,q3,362,43,0.11878453038674033,area-matched
133120,Acropora latistella,76.898,49.125,original,q2,362,222,0.6132596685082873,dist-matched
133121,Siderastrea glynni,0.0,36.262,original,q4,362,16,0.04419889502762431,poorly matched
133124,Dendrogyra cylindrus,79.505,73.492,original,q1,362,81,0.22375690607734808,well-matched
133127,Symphyllia valenciennesii,82.803,54.799,original,q1,362,81,0.22375690607734808,well-matched
133129,Astreopora ocellata,78.775,52.106,original,q2,362,222,0.6132596685082873,dist-matched
133131,Montipora friabilis,58.053,74.259,original,q3,362,43,0.11878453038674033,area-matched
133132,Acropora aspera,80.825,59.839,original,q1,362,81,0.22375690607734808,well-matched
133133,Acropora abrolhosensis,50.221,77.702,original,q3,362,43,0.11878453038674033,area-matched
133134,Montastraea annularis,69.863,95.765,original,q1,362,81,0.22375690607734808,well-matched
133139,Isopora palifera,84.763,47.702,original,q2,362,222,0.6132596685082873,dist-matched
133142,Cladocora caespitosa,75.624,86.094,original,q1,362,81,0.22375690607734808,well-matched
133144,Millepora alcicornis,31.728,95.338,original,q3,362,43,0.11878453038674033,area-matched
133145,Stylocoeniella cocosensis,67.435,76.587,original,q1,362,81,0.22375690607734808,well-matched
133148,Ctenactis echinata,90.268,45.563,original,q2,362,222,0.6132596685082873,dist-matched
133151,Favia lacuna,97.019,29.974,original,q2,362,222,0.6132596685082873,dist-matched
133152,Lobophyllia pachysepta,81.228,55.609,original,q1,362,81,0.22375690607734808,well-matched
133157,Scolymia vitiensis,67.14,61.699,original,q1,362,81,0.22375690607734808,well-matched
133158,Podabacia crustacea,82.869,47.009,original,q2,362,222,0.6132596685082873,dist-matched
133160,Acropora austera,77.705,48.533,original,q2,362,222,0.6132596685082873,dist-matched
133161,Platygyra contorta,78.165,25.895,original,q2,362,222,0.6132596685082873,dist-matched
133165,Oculina varicosa,91.743,42.522,original,q2,362,222,0.6132596685082873,dist-matched
133169,Stylophora mamillata,74.079,63.828,original,q1,362,81,0.22375690607734808,well-matched
133172,Echinophyllia aspera,91.119,34.326,original,q2,362,222,0.6132596685082873,dist-matched
133175,Montipora efflorescens,82.066,49.91,original,q2,362,222,0.6132596685082873,dist-matched
133176,Coscinaraea exesa,85.65,36.139,original,q2,362,222,0.6132596685082873,dist-matched
133177,Turbinaria patula,91.166,37.844,original,q2,362,222,0.6132596685082873,dist-matched
133182,Isopora brueggemanni,63.407,69.028,original,q1,362,81,0.22375690607734808,well-matched
133183,Fungia granulosa,90.544,24.222,original,q2,362,222,0.6132596685082873,dist-matched
133186,Montipora floweri,76.796,53.811,original,q2,362,222,0.6132596685082873,dist-matched
133192,Oxypora glabra,89.305,19.689,original,q2,362,222,0.6132596685082873,dist-matched
133193,Heliopora coerulea,79.459,32.184,original,q2,362,222,0.6132596685082873,dist-matched
133194,Montipora digitata,82.032,54.272,original,q2,362,222,0.6132596685082873,dist-matched
133195,Acropora appressa,86.001,39.762,original,q2,362,222,0.6132596685082873,dist-matched
133197,Pocillopora verrucosa,88.099,49.932,original,q2,362,222,0.6132596685082873,dist-matched
133200,Oulophyllia crispa,90.721,25.172,original,q2,362,222,0.6132596685082873,dist-matched
133203,Acropora tenella,47.837,86.212,original,q3,362,43,0.11878453038674033,area-matched
133206,Acropora roseni,55.054,35.11,original,q4,362,16,0.04419889502762431,poorly matched
133209,Favites pentagona,89.392,33.864,original,q2,362,222,0.6132596685082873,dist-matched
133210,Favia speciosa,87.478,48.652,original,q2,362,222,0.6132596685082873,dist-matched
133212,Oculina diffusa,73.881,61.748,original,q1,362,81,0.22375690607734808,well-matched
133213,Lithophyllon undulatum,91.578,23.534,original,q2,362,222,0.6132596685082873,dist-matched
133215,Cycloseris erosa,67.205,46.011,original,q2,362,222,0.6132596685082873,dist-matched
133215,Cycloseris tenuis,67.205,46.011,original,q2,362,222,0.6132596685082873,dist-matched
133215,Fungia tenuis,67.205,46.011,original,q2,362,222,0.6132596685082873,dist-matched
133216,Porites lobata,85.522,19.428,original,q2,362,222,0.6132596685082873,dist-matched
133217,Meandrina danae,68.463,71.71,original,q1,362,81,0.22375690607734808,well-matched
133218,Pachyseris foliosa,61.382,70.501,original,q3,362,43,0.11878453038674033,area-matched
133219,Nemenzophyllia turbida,81.07,48.439,original,q2,362,222,0.6132596685082873,dist-matched
133220,Montipora caliculata,84.164,53.291,original,q2,362,222,0.6132596685082873,dist-matched
133222,Pocillopora damicornis,70.338,38.077,original,q2,362,222,0.6132596685082873,dist-matched
133223,Acropora donei,90.152,43.729,original,q2,362,222,0.6132596685082873,dist-matched
133227,Astreopora expansa,78.43,51.501,original,q2,362,222,0.6132596685082873,dist-matched
133230,Cycloseris vaughani,83.528,25.614,original,q2,362,222,0.6132596685082873,dist-matched
133231,Diploastrea heliopora,85.329,44.838,original,q2,362,222,0.6132596685082873,dist-matched
133233,Acropora kimbeensis,67.093,69.419,original,q1,362,81,0.22375690607734808,well-matched
133236,Galaxea paucisepta,92.886,21.613,original,q2,362,222,0.6132596685082873,dist-matched
133237,Montastraea cavernosa,77.08,82.772,original,q1,362,81,0.22375690607734808,well-matched
133238,Montipora hispida,80.343,53.93,original,q2,362,222,0.6132596685082873,dist-matched
133239,Acropora nasuta,84.0,46.329,original,q2,362,222,0.6132596685082873,dist-matched
133240,Pavona clavus,82.383,54.142,original,q2,362,222,0.6132596685082873,dist-matched
133242,Pavona frondifera,58.774,64.869,original,q3,362,43,0.11878453038674033,area-matched
133244,Favites flexuosa,94.821,19.032,original,q2,362,222,0.6132596685082873,dist-matched
133246,Acanthastrea echinata,83.86,53.711,original,q2,362,222,0.6132596685082873,dist-matched
133248,Acropora robusta,83.206,45.756,original,q2,362,222,0.6132596685082873,dist-matched
133250,Acropora digitifera,82.686,45.926,original,q2,362,222,0.6132596685082873,dist-matched
133251,Stylophora wellsi,51.113,91.443,original,q3,362,43,0.11878453038674033,area-matched
133252,Acropora tortuosa,80.1,26.329,original,q2,362,222,0.6132596685082873,dist-matched
133253,Blastomussa wellsi,70.639,68.69,original,q1,362,81,0.22375690607734808,well-matched
133255,Agaricia humilis,93.822,55.446,original,q1,362,81,0.22375690607734808,well-matched
133256,Euphyllia glabrescens,86.904,54.351,original,q2,362,222,0.6132596685082873,dist-matched
133258,Plerogyra sinuosa,86.827,34.468,original,q2,362,222,0.6132596685082873,dist-matched
133260,Trachyphyllia geoffroyi,69.401,96.948,original,q1,362,81,0.22375690607734808,well-matched
133261,Pavona danai,64.912,76.025,original,q1,362,81,0.22375690607734808,well-matched
133267,Astreopora listeri,77.275,50.337,original,q2,362,222,0.6132596685082873,dist-matched
133269,Heliofungia actiniformis,67.705,60.766,original,q1,362,81,0.22375690607734808,well-matched
133271,Acropora sarmentosa,85.01,46.419,original,q2,362,222,0.6132596685082873,dist-matched
133272,Pectinia paeonia,91.443,32.367,original,q2,362,222,0.6132596685082873,dist-matched
133277,Porites australiensis,80.971,19.992,original,q2,362,222,0.6132596685082873,dist-matched
133281,Madracis formosa,92.229,54.666,original,q1,362,81,0.22375690607734808,well-matched
133283,Acropora batunai,78.671,59.455,original,q1,362,81,0.22375690607734808,well-matched
133284,Plesiastrea versipora,83.229,50.635,original,q2,362,222,0.6132596685082873,dist-matched
133289,Euphyllia paraancora,73.019,51.791,original,q2,362,222,0.6132596685082873,dist-matched
133290,Favites abdita,93.874,22.517,original,q2,362,222,0.6132596685082873,dist-matched
133291,Acropora striata,43.245,80.276,original,q3,362,43,0.11878453038674033,area-matched
133292,Astreopora myriophthalma,85.103,45.28,original,q2,362,222,0.6132596685082873,dist-matched
133298,Montipora turgescens,84.639,53.34,original,q2,362,222,0.6132596685082873,dist-matched
133299,Cycloseris sinensis,89.093,24.72,original,q2,362,222,0.6132596685082873,dist-matched
133302,Astreopora gracilis,71.073,59.193,original,q1,362,81,0.22375690607734808,well-matched
133304,Lobophyllia hataii,78.991,59.591,original,q1,362,81,0.22375690607734808,well-matched
133307,Favia rotundata,80.191,47.74,original,q2,362,222,0.6132596685082873,dist-matched
133309,Pocillopora inflata,34.113,98.856,original,q3,362,43,0.11878453038674033,area-matched
133313,Acropora cytherea,82.084,48.745,original,q2,362,222,0.6132596685082873,dist-matched
133315,Acropora monticulosa,79.543,46.83,original,q2,362,222,0.6132596685082873,dist-matched
133319,Acropora horrida,83.246,47.641,original,q2,362,222,0.6132596685082873,dist-matched
133320,Acropora solitaryensis,83.053,53.241,original,q2,362,222,0.6132596685082873,dist-matched
133324,Acropora gemmifera,78.578,53.062,original,q2,362,222,0.6132596685082873,dist-matched
133325,Cyphastrea chalcidicum,90.945,31.801,original,q2,362,222,0.6132596685082873,dist-matched
133327,Acropora lovelli,58.906,44.792,original,q4,362,16,0.04419889502762431,poorly matched
133329,Porites stephensoni,59.269,56.92,original,q3,362,43,0.11878453038674033,area-matched
133333,Oulophyllia bennettae,90.261,30.687,original,q2,362,222,0.6132596685082873,dist-matched
133337,Merulina ampliata,82.83,50.241,original,q2,362,222,0.6132596685082873,dist-matched
133340,Symphyllia wilsoni,95.712,48.881,original,q2,362,222,0.6132596685082873,dist-matched
133343,Favites russelli,92.62,17.742,original,q2,362,222,0.6132596685082873,dist-matched
133345,Montipora tuberculosa,85.491,51.568,original,q2,362,222,0.6132596685082873,dist-matched
133348,Acropora variolosa,52.703,75.607,original,q3,362,43,0.11878453038674033,area-matched
133349,Porites compressa,27.063,7.257,original,q4,362,16,0.04419889502762431,poorly matched
133351,Leptoseris mycetoseroides,82.283,52.031,original,q2,362,222,0.6132596685082873,dist-matched
133359,Acropora microclados,69.694,58.714,original,q1,362,81,0.22375690607734808,well-matched
133360,Pavona bipartita,71.696,38.831,original,q2,362,222,0.6132596685082873,dist-matched
133365,Goniastrea edwardsi,91.212,25.36,original,q2,362,222,0.6132596685082873,dist-matched
133366,Acanthastrea lordhowensis,69.705,72.85,original,q1,362,81,0.22375690607734808,well-matched
133370,Porites profundus,35.51,70.025,original,q3,362,43,0.11878453038674033,area-matched
133371,Fungia distorta,88.651,31.562,original,q2,362,222,0.6132596685082873,dist-matched
133372,Polyphyllia novaehiberniae,51.913,39.346,original,q4,362,16,0.04419889502762431,poorly matched
133375,Montipora corbettensis,74.426,56.17,original,q1,362,81,0.22375690607734808,well-matched
133376,Acanthastrea ishigakiensis,59.379,67.837,original,q3,362,43,0.11878453038674033,area-matched
133377,Diploria clivosa,86.187,56.373,original,q1,362,81,0.22375690607734808,well-matched
133381,Acropora cervicornis,95.035,44.064,original,q2,362,222,0.6132596685082873,dist-matched
133386,Acanthastrea rotundoflora,62.003,74.643,original,q3,362,43,0.11878453038674033,area-matched
133387,Acropora globiceps,68.621,45.533,original,q2,362,222,0.6132596685082873,dist-matched
133392,Favia laxa,78.204,58.837,original,q1,362,81,0.22375690607734808,well-matched
133395,Porites porites,62.898,61.569,original,q3,362,43,0.11878453038674033,area-matched
133396,Acropora desalwii,91.509,35.346,original,q2,362,222,0.6132596685082873,dist-matched
133398,Pavona varians,84.184,54.758,original,q1,362,81,0.22375690607734808,well-matched
133400,Eusmilia fastigiata,80.642,62.463,original,q1,362,81,0.22375690607734808,well-matched
133401,Acropora hoeksemai,79.649,50.697,original,q2,362,222,0.6132596685082873,dist-matched
133402,Acropora squarrosa,71.854,54.806,original,q1,362,81,0.22375690607734808,well-matched
133403,Turbinaria stellulata,91.401,26.047,original,q2,362,222,0.6132596685082873,dist-matched
133405,Caulastrea tumida,84.953,50.678,original,q2,362,222,0.6132596685082873,dist-matched
133406,Psammocora haimeana,86.36,44.868,original,q2,362,222,0.6132596685082873,dist-matched
133408,Coscinaraea wellsi,77.552,38.993,original,q2,362,222,0.6132596685082873,dist-matched
133409,Montipora verruculosus,84.338,43.606,original,q2,362,222,0.6132596685082873,dist-matched
133410,Pachyseris speciosa,83.689,49.909,original,q2,362,222,0.6132596685082873,dist-matched
133412,Gyrosmilia interrupta,51.078,79.386,original,q3,362,43,0.11878453038674033,area-matched
133414,Goniastrea pectinata,92.118,22.767,original,q2,362,222,0.6132596685082873,dist-matched
133415,Anacropora puertogalerae,72.258,53.343,original,q2,362,222,0.6132596685082873,dist-matched
133416,Montipora circumvallata,76.967,54.8,original,q1,362,81,0.22375690607734808,well-matched
133417,Caulastrea furcata,66.807,60.899,original,q1,362,81,0.22375690607734808,well-matched
133419,Lobophyllia hemprichii,83.274,48.51,original,q2,362,222,0.6132596685082873,dist-matched
133420,Montipora grisea,73.567,53.557,original,q2,362,222,0.6132596685082873,dist-matched
133422,Montipora capricornis,57.864,74.625,original,q3,362,43,0.11878453038674033,area-matched
133423,Fungia klunzingeri,72.257,51.798,original,q2,362,222,0.6132596685082873,dist-matched
133423,Fungia danai,72.257,51.798,original,q2,362,222,0.6132596685082873,dist-matched
133423,Fungia horrida,72.257,51.798,original,q2,362,222,0.6132596685082873,dist-matched
133428,Coscinaraea columna,83.356,52.493,original,q2,362,222,0.6132596685082873,dist-matched
133429,Echinopora horrida,82.868,35.755,original,q2,362,222,0.6132596685082873,dist-matched
133432,Acropora spicifera,69.313,61.297,original,q1,362,81,0.22375690607734808,well-matched
133433,Montipora crassituberculata,81.707,52.551,original,q2,362,222,0.6132596685082873,dist-matched
133437,Fungia moluccensis,72.03,35.546,original,q2,362,222,0.6132596685082873,dist-matched
133439,Agaricia tenuifolia,74.438,77.457,original,q1,362,81,0.22375690607734808,well-matched
133440,Platygyra pini,95.264,24.805,original,q2,362,222,0.6132596685082873,dist-matched
133442,Oxypora lacera,87.313,26.516,original,q2,362,222,0.6132596685082873,dist-matched
133443,Montipora australiensis,61.173,68.713,original,q3,362,43,0.11878453038674033,area-matched
133447,Echinophyllia taylorae,85.375,34.775,original,q2,362,222,0.6132596685082873,dist-matched
133450,Montipora turtlensis,74.785,65.998,original,q1,362,81,0.22375690607734808,well-matched
133451,Montipora danae,80.473,53.575,original,q2,362,222,0.6132596685082873,dist-matched
133457,Mussa angulosa,87.581,49.787,original,q2,362,222,0.6132596685082873,dist-matched
133458,Hydnophora microconos,87.73,37.048,original,q2,362,222,0.6132596685082873,dist-matched
133460,Montipora cocosensis,49.827,79.974,original,q3,362,43,0.11878453038674033,area-matched
133468,Platygyra daedalea,89.035,45.674,original,q2,362,222,0.6132596685082873,dist-matched
133470,Micromussa amakusensis,61.298,67.573,original,q3,362,43,0.11878453038674033,area-matched
133474,Symphyllia agaricia,83.155,56.64,original,q1,362,81,0.22375690607734808,well-matched
133478,Hydnophora exesa,92.557,36.837,original,q2,362,222,0.6132596685082873,dist-matched
133479,Acropora hyacinthus,82.46,45.977,original,q2,362,222,0.6132596685082873,dist-matched
133481,Acropora chesterfieldensis,78.527,33.965,original,q2,362,222,0.6132596685082873,dist-matched
133484,Anomastraea irregularis,78.868,51.526,original,q2,362,222,0.6132596685082873,dist-matched
133485,Astreopora randalli,66.631,53.098,original,q2,362,222,0.6132596685082873,dist-matched
133488,Pectinia africanus,89.149,35.025,original,q2,362,222,0.6132596685082873,dist-matched
133489,Montipora delicatula,83.882,45.67,original,q2,362,222,0.6132596685082873,dist-matched
133492,Porites rus,75.502,64.758,original,q1,362,81,0.22375690607734808,well-matched
133493,Platygyra ryukyuensis,83.462,32.075,original,q2,362,222,0.6132596685082873,dist-matched
133494,Acropora papillare,86.855,42.547,original,q2,362,222,0.6132596685082873,dist-matched
133495,Galaxea horrescens,83.712,48.659,original,q2,362,222,0.6132596685082873,dist-matched
133497,Caulastrea echinulata,69.921,70.724,original,q1,362,81,0.22375690607734808,well-matched
133498,Turbinaria peltata,88.175,39.141,original,q2,362,222,0.6132596685082873,dist-matched
133500,Acropora kosurini,45.349,72.434,original,q3,362,43,0.11878453038674033,area-matched
133502,Psammocora superficialis,81.143,51.232,original,q2,362,222,0.6132596685082873,dist-matched
133504,Porites furcata,75.835,60.361,original,q1,362,81,0.22375690607734808,well-matched
133509,Podabacia motuporensis,90.688,27.704,original,q2,362,222,0.6132596685082873,dist-matched
133511,Oculina patagonica,97.897,54.695,original,q1,362,81,0.22375690607734808,well-matched
133513,Acropora anthocercis,73.641,57.042,original,q1,362,81,0.22375690607734808,well-matched
133516,Favia truncatus,78.787,60.358,original,q1,362,81,0.22375690607734808,well-matched
133521,Stephanocoenia intersepta,52.927,63.476,original,q3,362,43,0.11878453038674033,area-matched
133522,Helioseris cucullata,71.073,67.587,original,q1,362,81,0.22375690607734808,well-matched
133525,Montipora monasteriata,84.65,56.912,original,q1,362,81,0.22375690607734808,well-matched
133528,Blastomussa merleti,81.281,65.174,original,q1,362,81,0.22375690607734808,well-matched
133530,Stylophora subseriata,58.534,74.914,original,q3,362,43,0.11878453038674033,area-matched
133532,Acropora verweyi,80.396,56.919,original,q1,362,81,0.22375690607734808,well-matched
133534,Pocillopora zelli,61.838,39.406,original,q4,362,16,0.04419889502762431,poorly matched
133535,Agaricia agaricites,79.527,88.294,original,q1,362,81,0.22375690607734808,well-matched
133538,Sandalolitha africana,87.295,41.333,original,q2,362,222,0.6132596685082873,dist-matched
133538,Herpolitha limax,87.295,41.333,original,q2,362,222,0.6132596685082873,dist-matched
133538,Herpolitha weberi,87.295,41.333,original,q2,362,222,0.6132596685082873,dist-matched
133543,Porites brighami,68.855,26.058,original,q2,362,222,0.6132596685082873,dist-matched
133545,Paraclavarina triangularis,72.086,38.742,original,q2,362,222,0.6132596685082873,dist-matched
133547,Acropora yongei,74.361,54.838,original,q1,362,81,0.22375690607734808,well-matched
133548,Stylocoeniella armata,75.326,61.77,original,q1,362,81,0.22375690607734808,well-matched
133551,Lobophyllia corymbosa,83.364,50.313,original,q2,362,222,0.6132596685082873,dist-matched
133556,Montipora spumosa,81.313,49.96,original,q2,362,222,0.6132596685082873,dist-matched
133557,Acanthastrea brevis,63.162,67.15,original,q1,362,81,0.22375690607734808,well-matched
133560,Goniastrea palauensis,81.426,52.929,original,q2,362,222,0.6132596685082873,dist-matched
133563,Montipora peltiformis,79.322,61.291,original,q1,362,81,0.22375690607734808,well-matched
133566,Scolymia australis,58.297,52.358,original,q4,362,16,0.04419889502762431,poorly matched
133569,Favia favus,88.43,52.989,original,q2,362,222,0.6132596685082873,dist-matched
133570,Psammocora profundacella,82.493,52.495,original,q2,362,222,0.6132596685082873,dist-matched
133571,Platygyra carnosus,75.676,36.984,original,q2,362,222,0.6132596685082873,dist-matched
133574,Porites pukoensis,39.968,0.489,original,q4,362,16,0.04419889502762431,poorly matched
133575,Cladocora arbuscula,70.37,74.395,original,q1,362,81,0.22375690607734808,well-matched
133581,Pavona diffluens,92.948,50.231,original,q2,362,222,0.6132596685082873,dist-matched
133582,Oxypora crassispinosa,92.629,15.069,original,q2,362,222,0.6132596685082873,dist-matched
133584,Porites divaricata,69.484,50.403,original,q2,362,222,0.6132596685082873,dist-matched
133587,Sandalolitha dentata,79.567,30.198,original,q2,362,222,0.6132596685082873,dist-matched
133589,Psammocora explanulata,73.958,50.779,original,q2,362,222,0.6132596685082873,dist-matched
133590,Siderastrea savignyana,55.301,72.284,original,q3,362,43,0.11878453038674033,area-matched
133591,Isophyllia sinuosa,86.324,36.752,original,q2,362,222,0.6132596685082873,dist-matched
133595,Millepora platyphylla,75.17,46.109,original,q2,362,222,0.6132596685082873,dist-matched
133597,Cantharellus doederleini,43.807,68.218,original,q3,362,43,0.11878453038674033,area-matched
133599,Montipora undata,79.64,54.123,original,q2,362,222,0.6132596685082873,dist-matched
133604,Acropora arabensis,56.816,31.354,original,q4,362,16,0.04419889502762431,poorly matched
133606,Symphyllia recta,85.989,52.429,original,q2,362,222,0.6132596685082873,dist-matched
133607,Goniopora minor,99.682,7.406,original,q2,362,222,0.6132596685082873,dist-matched
133611,Madracis senaria,87.689,38.402,original,q2,362,222,0.6132596685082873,dist-matched
133613,Porites solida,77.842,62.87,original,q1,362,81,0.22375690607734808,well-matched
133614,Seriatopora guttatus,58.035,82.295,original,q3,362,43,0.11878453038674033,area-matched
133619,Lobophyllia diminuta,54.662,70.742,original,q3,362,43,0.11878453038674033,area-matched
133621,Acropora valenciennesi,87.966,47.907,original,q2,362,222,0.6132596685082873,dist-matched
133622,Montipora capitata,53.651,79.653,original,q3,362,43,0.11878453038674033,area-matched
133631,Erythrastrea flabellata,60.732,71.334,original,q3,362,43,0.11878453038674033,area-matched
133633,Turbinaria mesenterina,92.962,35.767,original,q2,362,222,0.6132596685082873,dist-matched
133634,Goniastrea retiformis,90.189,30.659,original,q2,362,222,0.6132596685082873,dist-matched
133636,Leptoseris gardineri,70.971,62.003,original,q1,362,81,0.22375690607734808,well-matched
133637,Pocillopora indiania,76.399,41.228,original,q2,362,222,0.6132596685082873,dist-matched
133638,Favia maritima,86.374,29.731,original,q2,362,222,0.6132596685082873,dist-matched
133639,Acropora pichoni,54.593,88.691,original,q3,362,43,0.11878453038674033,area-matched
133642,Acanthastrea hemprichii,69.746,67.094,original,q1,362,81,0.22375690607734808,well-matched
133645,Porites somaliensis,34.557,16.897,original,q4,362,16,0.04419889502762431,poorly matched
133646,Montipora verrucosa,79.089,69.35,original,q1,362,81,0.22375690607734808,well-matched
133647,Acropora polystoma,79.138,46.377,original,q2,362,222,0.6132596685082873,dist-matched
133648,Cyphastrea microphthalma,91.326,34.357,original,q2,362,222,0.6132596685082873,dist-matched
133649,Acropora abrotanoides,73.949,61.49,original,q1,362,81,0.22375690607734808,well-matched
133649,Acropora danai,73.949,61.49,original,q1,362,81,0.22375690607734808,well-matched
133651,Platygyra lamellina,90.795,21.985,original,q2,362,222,0.6132596685082873,dist-matched
133654,Favites chinensis,88.68,31.301,original,q2,362,222,0.6132596685082873,dist-matched
133659,Stylophora kuehlmanni,74.079,63.828,original,q1,362,81,0.22375690607734808,well-matched
133660,Isopora cuneata,74.713,52.145,original,q2,362,222,0.6132596685082873,dist-matched
133662,Galaxea fascicularis,89.066,35.212,original,q2,362,222,0.6132596685082873,dist-matched
133665,Goniastrea thecata,97.019,27.869,original,q2,362,222,0.6132596685082873,dist-matched
133666,Acropora millepora,90.162,39.006,original,q2,362,222,0.6132596685082873,dist-matched
133668,Goniopora stokesi,92.137,21.143,original,q2,362,222,0.6132596685082873,dist-matched
133673,Fungia paumotensis,87.801,44.968,original,q2,362,222,0.6132596685082873,dist-matched
133674,Montipora mollis,80.088,60.517,original,q1,362,81,0.22375690607734808,well-matched
133676,Psammocora vaughani,22.641,66.928,original,q3,362,43,0.11878453038674033,area-matched
133679,Heteropsammia cochlea,85.437,47.104,original,q2,362,222,0.6132596685082873,dist-matched
133680,Porites astreoides,48.295,61.347,original,q3,362,43,0.11878453038674033,area-matched
133682,Acropora subulata,79.898,47.879,original,q2,362,222,0.6132596685082873,dist-matched
133685,Stylophora pistillata,83.017,52.235,original,q2,362,222,0.6132596685082873,dist-matched
133686,Leptoseris cailleti,95.367,38.774,original,q2,362,222,0.6132596685082873,dist-matched
133690,Cyphastrea japonica,97.641,16.472,original,q2,362,222,0.6132596685082873,dist-matched
133693,Sandalolitha robusta,82.091,47.928,original,q2,362,222,0.6132596685082873,dist-matched
133697,Turbinaria reniformis,89.891,23.267,original,q2,362,222,0.6132596685082873,dist-matched
133702,Pavona duerdeni,81.868,47.793,original,q2,362,222,0.6132596685082873,dist-matched
132859,Oulastrea crispata,74.731,63.921,200 m clip,q1,362,276,0.7624309392265194,well-matched
132860,Psammocora stellata,61.891,80.619,200 m clip,q3,362,18,0.049723756906077346,area-matched
132864,Cycloseris costulata,73.552,49.278,200 m clip,q2,362,63,0.17403314917127072,dist-matched
132866,Montipora angulata,80.735,93.628,200 m clip,q1,362,276,0.7624309392265194,well-matched
132869,Acropora florida,87.508,79.922,200 m clip,q1,362,276,0.7624309392265194,well-matched
132871,Pectinia elongata,85.77,32.664,200 m clip,q2,362,63,0.17403314917127072,dist-matched
132874,Scolymia lacera,21.44,91.065,200 m clip,q3,362,18,0.049723756906077346,area-matched
132875,Pocillopora kelleheri,66.817,52.965,200 m clip,q2,362,63,0.17403314917127072,dist-matched
132876,Leptoseris tubulifera,66.465,61.303,200 m clip,q1,362,276,0.7624309392265194,well-matched
132877,Fungia fralinae,88.089,51.362,200 m clip,q2,362,63,0.17403314917127072,dist-matched
132878,Favia maxima,88.067,43.252,200 m clip,q2,362,63,0.17403314917127072,dist-matched
132880,Pavona venosa,83.971,83.522,200 m clip,q1,362,276,0.7624309392265194,well-matched
132883,Goniastrea australensis,82.088,46.287,200 m clip,q2,362,63,0.17403314917127072,dist-matched
132884,Colpophyllia natans,93.624,61.821,200 m clip,q1,362,276,0.7624309392265194,well-matched
132885,Leptoseris hawaiiensis,76.603,97.04,200 m clip,q1,362,276,0.7624309392265194,well-matched
132892,Montipora hodgsoni,76.791,94.26,200 m clip,q1,362,276,0.7624309392265194,well-matched
132894,Favia veroni,86.4,46.271,200 m clip,q2,362,63,0.17403314917127072,dist-matched
132900,Symphyllia radians,78.998,99.939,200 m clip,q1,362,276,0.7624309392265194,well-matched
132903,Leptoseris solida,59.163,92.183,200 m clip,q3,362,18,0.049723756906077346,area-matched
132909,Acropora turaki,70.977,98.252,200 m clip,q1,362,276,0.7624309392265194,well-matched
132911,Pavona maldivensis,80.525,99.019,200 m clip,q1,362,276,0.7624309392265194,well-matched
132916,Turbinaria irregularis,88.833,28.264,200 m clip,q2,362,63,0.17403314917127072,dist-matched
132917,Gardineroseris planulata,80.635,97.866,200 m clip,q1,362,276,0.7624309392265194,well-matched
132923,Pocillopora woodjonesi,85.194,89.217,200 m clip,q1,362,276,0.7624309392265194,well-matched
132927,Leptoseris striata,83.916,31.99,200 m clip,q2,362,63,0.17403314917127072,dist-matched
132928,Pectinia lactuca,86.023,70.21,200 m clip,q1,362,276,0.7624309392265194,well-matched
132931,Acropora willisae,74.21,79.285,200 m clip,q1,362,276,0.7624309392265194,well-matched
132933,Acropora carduus,85.79,58.724,200 m clip,q1,362,276,0.7624309392265194,well-matched
132935,Acropora plumosa,77.609,95.346,200 m clip,q1,362,276,0.7624309392265194,well-matched
132940,Acropora acuminata,87.751,65.496,200 m clip,q1,362,276,0.7624309392265194,well-matched
132942,Montipora patula,100.0,39.97,200 m clip,q2,362,63,0.17403314917127072,dist-matched
132957,Turbinaria bifrons,60.512,52.135,200 m clip,q4,362,5,0.013812154696132596,poorly matched
132962,Symphyllia erythraea,72.048,58.838,200 m clip,q1,362,276,0.7624309392265194,well-matched
132963,Manicina areolata,85.767,96.44,200 m clip,q1,362,276,0.7624309392265194,well-matched
132967,Euphyllia yaeyamaensis,74.396,90.587,200 m clip,q1,362,276,0.7624309392265194,well-matched
132968,Halomitra clavator,40.926,40.594,200 m clip,q4,362,5,0.013812154696132596,poorly matched
132969,Acropora listeri,80.145,79.843,200 m clip,q1,362,276,0.7624309392265194,well-matched
132970,Agaricia lamarcki,93.5,70.232,200 m clip,q1,362,276,0.7624309392265194,well-matched
132972,Acropora paniculata,74.256,96.996,200 m clip,q1,362,276,0.7624309392265194,well-matched
132974,Plerogyra discus,75.048,82.992,200 m clip,q1,362,276,0.7624309392265194,well-matched
132977,Montipora stilosa,67.861,96.765,200 m clip,q1,362,276,0.7624309392265194,well-matched
132980,Leptoria phrygia,88.103,54.724,200 m clip,q1,362,276,0.7624309392265194,well-matched
132983,Leptastrea bottae,55.628,99.221,200 m clip,q3,362,18,0.049723756906077346,area-matched
132984,Acropora derawanensis,76.953,99.835,200 m clip,q1,362,276,0.7624309392265194,well-matched
132987,Echinopora gemmacea,79.929,82.323,200 m clip,q1,362,276,0.7624309392265194,well-matched
132988,Acropora longicyathus,78.515,91.035,200 m clip,q1,362,276,0.7624309392265194,well-matched
132990,Acropora multiacuta,73.973,93.045,200 m clip,q1,362,276,0.7624309392265194,well-matched
132991,Coscinaraea crassa,69.002,76.669,200 m clip,q1,362,276,0.7624309392265194,well-matched
132992,Acropora humilis,81.231,85.473,200 m clip,q1,362,276,0.7624309392265194,well-matched
132996,Fungia seychellensis,74.406,67.074,200 m clip,q1,362,276,0.7624309392265194,well-matched
133002,Seriatopora stellata,69.259,93.937,200 m clip,q1,362,276,0.7624309392265194,well-matched
133003,Leptastrea bewickensis,49.366,72.273,200 m clip,q3,362,18,0.049723756906077346,area-matched
133006,Acropora palmata,94.583,69.134,200 m clip,q1,362,276,0.7624309392265194,well-matched
133007,Montipora malampaya,73.401,89.447,200 m clip,q1,362,276,0.7624309392265194,well-matched
133008,Fungia spinifer,88.415,47.382,200 m clip,q2,362,63,0.17403314917127072,dist-matched
133011,Pocillopora ankeli,78.476,89.1,200 m clip,q1,362,276,0.7624309392265194,well-matched
133013,Acropora grandis,78.88,90.217,200 m clip,q1,362,276,0.7624309392265194,well-matched
133020,Acropora tenuis,82.681,87.512,200 m clip,q1,362,276,0.7624309392265194,well-matched
133023,Porites lichen,86.603,45.693,200 m clip,q2,362,63,0.17403314917127072,dist-matched
133024,Merulina scabricula,88.495,42.903,200 m clip,q2,362,63,0.17403314917127072,dist-matched
133025,Acropora vaughani,86.393,80.461,200 m clip,q1,362,276,0.7624309392265194,well-matched
133026,Mycedium mancaoi,82.221,27.164,200 m clip,q2,362,63,0.17403314917127072,dist-matched
133029,Favia rotumana,90.481,26.905,200 m clip,q2,362,63,0.17403314917127072,dist-matched
133031,Montipora effusa,77.662,70.817,200 m clip,q1,362,276,0.7624309392265194,well-matched
133032,Lobophyllia flabelliformis,86.086,71.877,200 m clip,q1,362,276,0.7624309392265194,well-matched
133033,Acropora pulchra,81.064,89.223,200 m clip,q1,362,276,0.7624309392265194,well-matched
133034,Cycloseris fragilis,89.771,49.671,200 m clip,q2,362,63,0.17403314917127072,dist-matched
133034,Cycloseris patelliformis,89.771,49.671,200 m clip,q2,362,63,0.17403314917127072,dist-matched
133038,Porites nigrescens,97.951,13.546,200 m clip,q2,362,63,0.17403314917127072,dist-matched
133043,Psammocora digitata,80.94,97.089,200 m clip,q1,362,276,0.7624309392265194,well-matched
133045,Pocillopora ligulata,54.418,24.077,200 m clip,q4,362,5,0.013812154696132596,poorly matched
133046,Anacropora spinosa,67.779,98.907,200 m clip,q1,362,276,0.7624309392265194,well-matched
133053,Scolymia cubensis,87.09,89.933,200 m clip,q1,362,276,0.7624309392265194,well-matched
133055,Favites halicora,89.151,49.148,200 m clip,q2,362,63,0.17403314917127072,dist-matched
133057,Euphyllia paradivisa,83.409,65.963,200 m clip,q1,362,276,0.7624309392265194,well-matched
133058,Echinophyllia echinata,75.598,53.335,200 m clip,q2,362,63,0.17403314917127072,dist-matched
133059,Platygyra verweyi,81.745,78.98,200 m clip,q1,362,276,0.7624309392265194,well-matched
133064,Montipora florida,82.397,70.884,200 m clip,q1,362,276,0.7624309392265194,well-matched
133066,Montipora informis,84.349,96.685,200 m clip,q1,362,276,0.7624309392265194,well-matched
133070,Montastrea colemani,73.712,88.844,200 m clip,q1,362,276,0.7624309392265194,well-matched
133071,Montipora foliosa,81.147,91.014,200 m clip,q1,362,276,0.7624309392265194,well-matched
133076,Lobophyllia robusta,70.086,92.167,200 m clip,q1,362,276,0.7624309392265194,well-matched
133081,Acropora kirstyae,72.125,73.386,200 m clip,q1,362,276,0.7624309392265194,well-matched
133082,Porites lutea,91.297,40.635,200 m clip,q2,362,63,0.17403314917127072,dist-matched
133084,Barabattoia amicorum,88.779,51.785,200 m clip,q2,362,63,0.17403314917127072,dist-matched
133087,Acropora subglabra,87.609,86.676,200 m clip,q1,362,276,0.7624309392265194,well-matched
133088,Echinopora lamellosa,86.511,64.375,200 m clip,q1,362,276,0.7624309392265194,well-matched
133089,Echinophyllia patula,90.191,25.202,200 m clip,q2,362,63,0.17403314917127072,dist-matched
133090,Leptastrea purpurea,87.703,65.264,200 m clip,q1,362,276,0.7624309392265194,well-matched
133092,Astreopora incrustans,72.73,75.556,200 m clip,q1,362,276,0.7624309392265194,well-matched
133094,Psammocora nierstraszi,76.485,87.263,200 m clip,q1,362,276,0.7624309392265194,well-matched
133096,Porites columnaris,74.91,60.738,200 m clip,q1,362,276,0.7624309392265194,well-matched
133097,Pocillopora danae,75.6,84.745,200 m clip,q1,362,276,0.7624309392265194,well-matched
133099,Pocillopora elegans,72.68,71.682,200 m clip,q1,362,276,0.7624309392265194,well-matched
133106,Acanthastrea hillae,85.14,75.854,200 m clip,q1,362,276,0.7624309392265194,well-matched
133109,Galaxea acrhelia,61.063,83.639,200 m clip,q3,362,18,0.049723756906077346,area-matched
133110,Ctenactis crassa,86.202,53.615,200 m clip,q2,362,63,0.17403314917127072,dist-matched
133111,Montipora saudii,93.96,58.582,200 m clip,q1,362,276,0.7624309392265194,well-matched
133112,Acropora caroliniana,70.555,78.846,200 m clip,q1,362,276,0.7624309392265194,well-matched
133113,Montipora cactus,72.542,83.568,200 m clip,q1,362,276,0.7624309392265194,well-matched
133115,Acropora retusa,72.533,65.218,200 m clip,q1,362,276,0.7624309392265194,well-matched
133120,Acropora latistella,75.064,93.242,200 m clip,q1,362,276,0.7624309392265194,well-matched
133121,Siderastrea glynni,0.0,36.262,200 m clip,q4,362,5,0.013812154696132596,poorly matched
133124,Dendrogyra cylindrus,62.803,83.761,200 m clip,q3,362,18,0.049723756906077346,area-matched
133127,Symphyllia valenciennesii,81.021,99.051,200 m clip,q1,362,276,0.7624309392265194,well-matched
133129,Astreopora ocellata,76.902,91.507,200 m clip,q1,362,276,0.7624309392265194,well-matched
133131,Montipora friabilis,69.009,82.476,200 m clip,q1,362,276,0.7624309392265194,well-matched
133132,Acropora aspera,85.92,91.583,200 m clip,q1,362,276,0.7624309392265194,well-matched
133133,Acropora abrolhosensis,70.736,69.059,200 m clip,q1,362,276,0.7624309392265194,well-matched
133134,Montastraea annularis,80.112,64.022,200 m clip,q1,362,276,0.7624309392265194,well-matched
133139,Isopora palifera,82.932,86.024,200 m clip,q1,362,276,0.7624309392265194,well-matched
133142,Cladocora caespitosa,83.641,77.398,200 m clip,q1,362,276,0.7624309392265194,well-matched
133144,Millepora alcicornis,50.297,62.709,200 m clip,q3,362,18,0.049723756906077346,area-matched
133145,Stylocoeniella cocosensis,77.986,84.751,200 m clip,q1,362,276,0.7624309392265194,well-matched
133148,Ctenactis echinata,87.995,80.332,200 m clip,q1,362,276,0.7624309392265194,well-matched
133151,Favia lacuna,93.988,45.915,200 m clip,q2,362,63,0.17403314917127072,dist-matched
133152,Lobophyllia pachysepta,79.361,95.546,200 m clip,q1,362,276,0.7624309392265194,well-matched
133157,Scolymia vitiensis,85.345,76.314,200 m clip,q1,362,276,0.7624309392265194,well-matched
133158,Podabacia crustacea,77.71,83.193,200 m clip,q1,362,276,0.7624309392265194,well-matched
133160,Acropora austera,75.812,92.424,200 m clip,q1,362,276,0.7624309392265194,well-matched
133161,Platygyra contorta,74.212,51.049,200 m clip,q2,362,63,0.17403314917127072,dist-matched
133165,Oculina varicosa,90.859,66.142,200 m clip,q1,362,276,0.7624309392265194,well-matched
133169,Stylophora mamillata,73.038,99.794,200 m clip,q1,362,276,0.7624309392265194,well-matched
133172,Echinophyllia aspera,88.537,62.928,200 m clip,q1,362,276,0.7624309392265194,well-matched
133175,Montipora efflorescens,80.044,93.644,200 m clip,q1,362,276,0.7624309392265194,well-matched
133176,Coscinaraea exesa,82.791,67.99,200 m clip,q1,362,276,0.7624309392265194,well-matched
133177,Turbinaria patula,88.608,62.853,200 m clip,q1,362,276,0.7624309392265194,well-matched
133182,Isopora brueggemanni,63.896,97.392,200 m clip,q1,362,276,0.7624309392265194,well-matched
133183,Fungia granulosa,87.325,46.455,200 m clip,q2,362,63,0.17403314917127072,dist-matched
133186,Montipora floweri,75.505,99.21,200 m clip,q1,362,276,0.7624309392265194,well-matched
133192,Oxypora glabra,85.842,30.825,200 m clip,q2,362,63,0.17403314917127072,dist-matched
133193,Heliopora coerulea,77.639,56.628,200 m clip,q1,362,276,0.7624309392265194,well-matched
133194,Montipora digitata,80.241,95.992,200 m clip,q1,362,276,0.7624309392265194,well-matched
133195,Acropora appressa,85.289,89.774,200 m clip,q1,362,276,0.7624309392265194,well-matched
133197,Pocillopora verrucosa,85.969,96.735,200 m clip,q1,362,276,0.7624309392265194,well-matched
133200,Oulophyllia crispa,87.538,45.754,200 m clip,q2,362,63,0.17403314917127072,dist-matched
133203,Acropora tenella,86.725,45.829,200 m clip,q2,362,63,0.17403314917127072,dist-matched
133206,Acropora roseni,52.897,92.87,200 m clip,q3,362,18,0.049723756906077346,area-matched
133209,Favites pentagona,86.906,60.65,200 m clip,q1,362,276,0.7624309392265194,well-matched
133210,Favia speciosa,85.658,87.069,200 m clip,q1,362,276,0.7624309392265194,well-matched
133212,Oculina diffusa,75.191,97.31,200 m clip,q1,362,276,0.7624309392265194,well-matched
133213,Lithophyllon undulatum,89.412,34.838,200 m clip,q2,362,63,0.17403314917127072,dist-matched
133215,Cycloseris erosa,65.526,91.335,200 m clip,q1,362,276,0.7624309392265194,well-matched
133215,Cycloseris tenuis,65.526,91.335,200 m clip,q1,362,276,0.7624309392265194,well-matched
133215,Fungia tenuis,65.526,91.335,200 m clip,q1,362,276,0.7624309392265194,well-matched
133216,Porites lobata,81.25,36.122,200 m clip,q2,362,63,0.17403314917127072,dist-matched
133217,Meandrina danae,79.719,84.955,200 m clip,q1,362,276,0.7624309392265194,well-matched
133218,Pachyseris foliosa,71.679,82.821,200 m clip,q1,362,276,0.7624309392265194,well-matched
133219,Nemenzophyllia turbida,78.622,78.115,200 m clip,q1,362,276,0.7624309392265194,well-matched
133220,Montipora caliculata,83.504,98.232,200 m clip,q1,362,276,0.7624309392265194,well-matched
133222,Pocillopora damicornis,68.173,72.306,200 m clip,q1,362,276,0.7624309392265194,well-matched
133223,Acropora donei,88.095,74.625,200 m clip,q1,362,276,0.7624309392265194,well-matched
133227,Astreopora expansa,76.71,91.154,200 m clip,q1,362,276,0.7624309392265194,well-matched
133230,Cycloseris vaughani,79.848,47.643,200 m clip,q2,362,63,0.17403314917127072,dist-matched
133231,Diploastrea heliopora,83.471,80.387,200 m clip,q1,362,276,0.7624309392265194,well-matched
133233,Acropora kimbeensis,72.596,90.095,200 m clip,q1,362,276,0.7624309392265194,well-matched
133236,Galaxea paucisepta,88.626,39.59,200 m clip,q2,362,63,0.17403314917127072,dist-matched
133237,Montastraea cavernosa,92.558,51.88,200 m clip,q2,362,63,0.17403314917127072,dist-matched
133238,Montipora hispida,78.376,98.864,200 m clip,q1,362,276,0.7624309392265194,well-matched
133239,Acropora nasuta,82.156,87.548,200 m clip,q1,362,276,0.7624309392265194,well-matched
133240,Pavona clavus,82.102,97.839,200 m clip,q1,362,276,0.7624309392265194,well-matched
133242,Pavona frondifera,73.05,78.466,200 m clip,q1,362,276,0.7624309392265194,well-matched
133244,Favites flexuosa,91.092,35.06,200 m clip,q2,362,63,0.17403314917127072,dist-matched
133246,Acanthastrea echinata,81.985,99.422,200 m clip,q1,362,276,0.7624309392265194,well-matched
133248,Acropora robusta,81.273,87.515,200 m clip,q1,362,276,0.7624309392265194,well-matched
133250,Acropora digitifera,80.813,87.892,200 m clip,q1,362,276,0.7624309392265194,well-matched
133251,Stylophora wellsi,75.226,66.873,200 m clip,q1,362,276,0.7624309392265194,well-matched
133252,Acropora tortuosa,76.883,57.696,200 m clip,q1,362,276,0.7624309392265194,well-matched
133253,Blastomussa wellsi,79.328,86.882,200 m clip,q1,362,276,0.7624309392265194,well-matched
133255,Agaricia humilis,92.41,90.276,200 m clip,q1,362,276,0.7624309392265194,well-matched
133256,Euphyllia glabrescens,85.066,95.922,200 m clip,q1,362,276,0.7624309392265194,well-matched
133258,Plerogyra sinuosa,83.685,65.399,200 m clip,q1,362,276,0.7624309392265194,well-matched
133260,Trachyphyllia geoffroyi,94.774,66.272,200 m clip,q1,362,276,0.7624309392265194,well-matched
133261,Pavona danai,70.376,90.74,200 m clip,q1,362,276,0.7624309392265194,well-matched
133267,Astreopora listeri,75.346,99.887,200 m clip,q1,362,276,0.7624309392265194,well-matched
133269,Heliofungia actiniformis,61.563,94.937,200 m clip,q3,362,18,0.049723756906077346,area-matched
133271,Acropora sarmentosa,82.808,86.308,200 m clip,q1,362,276,0.7624309392265194,well-matched
133272,Pectinia paeonia,88.391,56.178,200 m clip,q1,362,276,0.7624309392265194,well-matched
133277,Porites australiensis,76.309,37.677,200 m clip,q2,362,63,0.17403314917127072,dist-matched
133281,Madracis formosa,91.005,90.219,200 m clip,q1,362,276,0.7624309392265194,well-matched
133283,Acropora batunai,77.014,94.65,200 m clip,q1,362,276,0.7624309392265194,well-matched
133284,Plesiastrea versipora,81.345,92.418,200 m clip,q1,362,276,0.7624309392265194,well-matched
133289,Euphyllia paraancora,70.692,90.427,200 m clip,q1,362,276,0.7624309392265194,well-matched
133290,Favites abdita,91.002,40.539,200 m clip,q2,362,63,0.17403314917127072,dist-matched
133291,Acropora striata,63.109,67.571,200 m clip,q1,362,276,0.7624309392265194,well-matched
133292,Astreopora myriophthalma,83.121,87.149,200 m clip,q1,362,276,0.7624309392265194,well-matched
133298,Montipora turgescens,82.578,99.858,200 m clip,q1,362,276,0.7624309392265194,well-matched
133299,Cycloseris sinensis,85.56,45.977,200 m clip,q2,362,63,0.17403314917127072,dist-matched
133302,Astreopora gracilis,71.53,97.002,200 m clip,q1,362,276,0.7624309392265194,well-matched
133304,Lobophyllia hataii,78.862,98.007,200 m clip,q1,362,276,0.7624309392265194,well-matched
133307,Favia rotundata,77.885,80.796,200 m clip,q1,362,276,0.7624309392265194,well-matched
133309,Pocillopora inflata,74.162,45.472,200 m clip,q2,362,63,0.17403314917127072,dist-matched
133313,Acropora cytherea,80.136,92.478,200 m clip,q1,362,276,0.7624309392265194,well-matched
133315,Acropora monticulosa,77.771,87.179,200 m clip,q1,362,276,0.7624309392265194,well-matched
133319,Acropora horrida,81.321,89.516,200 m clip,q1,362,276,0.7624309392265194,well-matched
133320,Acropora solitaryensis,81.13,91.831,200 m clip,q1,362,276,0.7624309392265194,well-matched
133324,Acropora gemmifera,76.783,92.113,200 m clip,q1,362,276,0.7624309392265194,well-matched
133325,Cyphastrea chalcidicum,88.503,59.913,200 m clip,q1,362,276,0.7624309392265194,well-matched
133327,Acropora lovelli,56.581,89.026,200 m clip,q3,362,18,0.049723756906077346,area-matched
133329,Porites stephensoni,57.644,95.633,200 m clip,q3,362,18,0.049723756906077346,area-matched
133333,Oulophyllia bennettae,87.135,52.442,200 m clip,q2,362,63,0.17403314917127072,dist-matched
133337,Merulina ampliata,80.782,94.794,200 m clip,q1,362,276,0.7624309392265194,well-matched
133340,Symphyllia wilsoni,95.712,57.056,200 m clip,q1,362,276,0.7624309392265194,well-matched
133343,Favites russelli,88.79,33.57,200 m clip,q2,362,63,0.17403314917127072,dist-matched
133345,Montipora tuberculosa,83.723,99.603,200 m clip,q1,362,276,0.7624309392265194,well-matched
133348,Acropora variolosa,62.785,82.744,200 m clip,q3,362,18,0.049723756906077346,area-matched
133349,Porites compressa,86.788,2.063,200 m clip,q2,362,63,0.17403314917127072,dist-matched
133351,Leptoseris mycetoseroides,80.292,97.683,200 m clip,q1,362,276,0.7624309392265194,well-matched
133359,Acropora microclados,68.91,98.675,200 m clip,q1,362,276,0.7624309392265194,well-matched
133360,Pavona bipartita,68.864,78.211,200 m clip,q1,362,276,0.7624309392265194,well-matched
133365,Goniastrea edwardsi,88.068,46.161,200 m clip,q2,362,63,0.17403314917127072,dist-matched
133366,Acanthastrea lordhowensis,78.095,87.921,200 m clip,q1,362,276,0.7624309392265194,well-matched
133370,Porites profundus,53.934,64.13,200 m clip,q3,362,18,0.049723756906077346,area-matched
133371,Fungia distorta,86.164,61.976,200 m clip,q1,362,276,0.7624309392265194,well-matched
133372,Polyphyllia novaehiberniae,62.325,78.092,200 m clip,q3,362,18,0.049723756906077346,area-matched
133375,Montipora corbettensis,78.705,91.995,200 m clip,q1,362,276,0.7624309392265194,well-matched
133376,Acanthastrea ishigakiensis,82.19,70.099,200 m clip,q1,362,276,0.7624309392265194,well-matched
133377,Diploria clivosa,84.94,94.039,200 m clip,q1,362,276,0.7624309392265194,well-matched
133381,Acropora cervicornis,94.04,72.747,200 m clip,q1,362,276,0.7624309392265194,well-matched
133386,Acanthastrea rotundoflora,74.991,80.75,200 m clip,q1,362,276,0.7624309392265194,well-matched
133387,Acropora globiceps,68.442,96.678,200 m clip,q1,362,276,0.7624309392265194,well-matched
133392,Favia laxa,76.739,91.782,200 m clip,q1,362,276,0.7624309392265194,well-matched
133395,Porites porites,64.236,96.992,200 m clip,q1,362,276,0.7624309392265194,well-matched
133396,Acropora desalwii,89.443,56.27,200 m clip,q1,362,276,0.7624309392265194,well-matched
133398,Pavona varians,84.571,96.816,200 m clip,q1,362,276,0.7624309392265194,well-matched
133400,Eusmilia fastigiata,82.536,96.356,200 m clip,q1,362,276,0.7624309392265194,well-matched
133401,Acropora hoeksemai,78.601,77.86,200 m clip,q1,362,276,0.7624309392265194,well-matched
133402,Acropora squarrosa,79.663,89.017,200 m clip,q1,362,276,0.7624309392265194,well-matched
133403,Turbinaria stellulata,88.257,46.123,200 m clip,q2,362,63,0.17403314917127072,dist-matched
133405,Caulastrea tumida,83.288,78.716,200 m clip,q1,362,276,0.7624309392265194,well-matched
133406,Psammocora haimeana,84.486,84.183,200 m clip,q1,362,276,0.7624309392265194,well-matched
133408,Coscinaraea wellsi,75.142,75.258,200 m clip,q1,362,276,0.7624309392265194,well-matched
133409,Montipora verruculosus,83.35,67.359,200 m clip,q1,362,276,0.7624309392265194,well-matched
133410,Pachyseris speciosa,81.675,95.566,200 m clip,q1,362,276,0.7624309392265194,well-matched
133412,Gyrosmilia interrupta,81.313,61.807,200 m clip,q1,362,276,0.7624309392265194,well-matched
133414,Goniastrea pectinata,89.239,42.818,200 m clip,q2,362,63,0.17403314917127072,dist-matched
133415,Anacropora puertogalerae,75.504,92.762,200 m clip,q1,362,276,0.7624309392265194,well-matched
133416,Montipora circumvallata,76.258,88.513,200 m clip,q1,362,276,0.7624309392265194,well-matched
133417,Caulastrea furcata,81.323,79.692,200 m clip,q1,362,276,0.7624309392265194,well-matched
133419,Lobophyllia hemprichii,81.274,91.661,200 m clip,q1,362,276,0.7624309392265194,well-matched
133420,Montipora grisea,72.173,99.35,200 m clip,q1,362,276,0.7624309392265194,well-matched
133422,Montipora capricornis,74.411,75.688,200 m clip,q1,362,276,0.7624309392265194,well-matched
133423,Fungia klunzingeri,70.431,98.86,200 m clip,q1,362,276,0.7624309392265194,well-matched
133423,Fungia danai,70.431,98.86,200 m clip,q1,362,276,0.7624309392265194,well-matched
133423,Fungia horrida,70.431,98.86,200 m clip,q1,362,276,0.7624309392265194,well-matched
133428,Coscinaraea columna,81.466,98.099,200 m clip,q1,362,276,0.7624309392265194,well-matched
133429,Echinopora horrida,80.249,61.304,200 m clip,q1,362,276,0.7624309392265194,well-matched
133432,Acropora spicifera,76.046,88.56,200 m clip,q1,362,276,0.7624309392265194,well-matched
133433,Montipora crassituberculata,79.919,89.76,200 m clip,q1,362,276,0.7624309392265194,well-matched
133437,Fungia moluccensis,69.607,66.373,200 m clip,q1,362,276,0.7624309392265194,well-matched
133439,Agaricia tenuifolia,85.661,44.998,200 m clip,q2,362,63,0.17403314917127072,dist-matched
133440,Platygyra pini,92.033,46.176,200 m clip,q2,362,63,0.17403314917127072,dist-matched
133442,Oxypora lacera,84.524,47.444,200 m clip,q2,362,63,0.17403314917127072,dist-matched
133443,Montipora australiensis,75.963,78.819,200 m clip,q1,362,276,0.7624309392265194,well-matched
133447,Echinophyllia taylorae,84.163,56.987,200 m clip,q1,362,276,0.7624309392265194,well-matched
133450,Montipora turtlensis,73.732,94.093,200 m clip,q1,362,276,0.7624309392265194,well-matched
133451,Montipora danae,79.716,98.424,200 m clip,q1,362,276,0.7624309392265194,well-matched
133457,Mussa angulosa,86.687,82.366,200 m clip,q1,362,276,0.7624309392265194,well-matched
133458,Hydnophora microconos,85.229,68.689,200 m clip,q1,362,276,0.7624309392265194,well-matched
133460,Montipora cocosensis,77.025,50.783,200 m clip,q2,362,63,0.17403314917127072,dist-matched
133468,Platygyra daedalea,87.125,83.146,200 m clip,q1,362,276,0.7624309392265194,well-matched
133470,Micromussa amakusensis,76.078,78.632,200 m clip,q1,362,276,0.7624309392265194,well-matched
133474,Symphyllia agaricia,81.356,98.472,200 m clip,q1,362,276,0.7624309392265194,well-matched
133478,Hydnophora exesa,90.298,65.069,200 m clip,q1,362,276,0.7624309392265194,well-matched
133479,Acropora hyacinthus,80.467,86.64,200 m clip,q1,362,276,0.7624309392265194,well-matched
133481,Acropora chesterfieldensis,74.484,96.223,200 m clip,q1,362,276,0.7624309392265194,well-matched
133484,Anomastraea irregularis,78.477,96.447,200 m clip,q1,362,276,0.7624309392265194,well-matched
133485,Astreopora randalli,76.77,83.958,200 m clip,q1,362,276,0.7624309392265194,well-matched
133488,Pectinia africanus,87.883,83.407,200 m clip,q1,362,276,0.7624309392265194,well-matched
133489,Montipora delicatula,83.33,68.771,200 m clip,q1,362,276,0.7624309392265194,well-matched
133492,Porites rus,87.478,83.857,200 m clip,q1,362,276,0.7624309392265194,well-matched
133493,Platygyra ryukyuensis,80.59,58.051,200 m clip,q1,362,276,0.7624309392265194,well-matched
133494,Acropora papillare,86.458,59.74,200 m clip,q1,362,276,0.7624309392265194,well-matched
133495,Galaxea horrescens,81.18,89.769,200 m clip,q1,362,276,0.7624309392265194,well-matched
133497,Caulastrea echinulata,76.835,88.992,200 m clip,q1,362,276,0.7624309392265194,well-matched
133498,Turbinaria peltata,85.913,69.316,200 m clip,q1,362,276,0.7624309392265194,well-matched
133500,Acropora kosurini,48.853,92.358,200 m clip,q3,362,18,0.049723756906077346,area-matched
133502,Psammocora superficialis,79.31,97.925,200 m clip,q1,362,276,0.7624309392265194,well-matched
133504,Porites furcata,75.135,98.897,200 m clip,q1,362,276,0.7624309392265194,well-matched
133509,Podabacia motuporensis,87.211,51.053,200 m clip,q2,362,63,0.17403314917127072,dist-matched
133511,Oculina patagonica,96.636,85.058,200 m clip,q1,362,276,0.7624309392265194,well-matched
133513,Acropora anthocercis,72.0,95.907,200 m clip,q1,362,276,0.7624309392265194,well-matched
133516,Favia truncatus,77.222,97.611,200 m clip,q1,362,276,0.7624309392265194,well-matched
133521,Stephanocoenia intersepta,86.445,38.321,200 m clip,q2,362,63,0.17403314917127072,dist-matched
133522,Helioseris cucullata,77.96,90.213,200 m clip,q1,362,276,0.7624309392265194,well-matched
133525,Montipora monasteriata,83.914,98.734,200 m clip,q1,362,276,0.7624309392265194,well-matched
133528,Blastomussa merleti,81.483,97.887,200 m clip,q1,362,276,0.7624309392265194,well-matched
133530,Stylophora subseriata,82.794,69.068,200 m clip,q1,362,276,0.7624309392265194,well-matched
133532,Acropora verweyi,80.72,97.321,200 m clip,q1,362,276,0.7624309392265194,well-matched
133534,Pocillopora zelli,66.76,85.83,200 m clip,q1,362,276,0.7624309392265194,well-matched
133535,Agaricia agaricites,79.448,72.19,200 m clip,q1,362,276,0.7624309392265194,well-matched
133538,Sandalolitha africana,84.796,78.112,200 m clip,q1,362,276,0.7624309392265194,well-matched
133538,Herpolitha limax,84.796,78.112,200 m clip,q1,362,276,0.7624309392265194,well-matched
133538,Herpolitha weberi,84.796,78.112,200 m clip,q1,362,276,0.7624309392265194,well-matched
133543,Porites brighami,68.855,91.67,200 m clip,q1,362,276,0.7624309392265194,well-matched
133545,Paraclavarina triangularis,69.259,76.101,200 m clip,q1,362,276,0.7624309392265194,well-matched
133547,Acropora yongei,72.597,96.072,200 m clip,q1,362,276,0.7624309392265194,well-matched
133548,Stylocoeniella armata,82.22,89.19,200 m clip,q1,362,276,0.7624309392265194,well-matched
133551,Lobophyllia corymbosa,81.313,93.99,200 m clip,q1,362,276,0.7624309392265194,well-matched
133556,Montipora spumosa,79.348,94.229,200 m clip,q1,362,276,0.7624309392265194,well-matched
133557,Acanthastrea brevis,74.812,82.531,200 m clip,q1,362,276,0.7624309392265194,well-matched
133560,Goniastrea palauensis,79.66,97.485,200 m clip,q1,362,276,0.7624309392265194,well-matched
133563,Montipora peltiformis,84.438,91.75,200 m clip,q1,362,276,0.7624309392265194,well-matched
133566,Scolymia australis,56.501,83.936,200 m clip,q3,362,18,0.049723756906077346,area-matched
133569,Favia favus,86.419,96.889,200 m clip,q1,362,276,0.7624309392265194,well-matched
133570,Psammocora profundacella,80.589,97.18,200 m clip,q1,362,276,0.7624309392265194,well-matched
133571,Platygyra carnosus,74.249,60.324,200 m clip,q1,362,276,0.7624309392265194,well-matched
133574,Porites pukoensis,66.611,0.293,200 m clip,q2,362,63,0.17403314917127072,dist-matched
133575,Cladocora arbuscula,82.213,84.533,200 m clip,q1,362,276,0.7624309392265194,well-matched
133581,Pavona diffluens,92.292,81.607,200 m clip,q1,362,276,0.7624309392265194,well-matched
133582,Oxypora crassispinosa,90.357,25.259,200 m clip,q2,362,63,0.17403314917127072,dist-matched
133584,Porites divaricata,69.131,82.834,200 m clip,q1,362,276,0.7624309392265194,well-matched
133587,Sandalolitha dentata,76.177,63.511,200 m clip,q1,362,276,0.7624309392265194,well-matched
133589,Psammocora explanulata,71.885,98.062,200 m clip,q1,362,276,0.7624309392265194,well-matched
133590,Siderastrea savignyana,74.603,73.018,200 m clip,q1,362,276,0.7624309392265194,well-matched
133591,Isophyllia sinuosa,85.846,61.3,200 m clip,q1,362,276,0.7624309392265194,well-matched
133595,Millepora platyphylla,73.501,87.508,200 m clip,q1,362,276,0.7624309392265194,well-matched
133597,Cantharellus doederleini,63.978,45.318,200 m clip,q2,362,63,0.17403314917127072,dist-matched
133599,Montipora undata,77.895,95.863,200 m clip,q1,362,276,0.7624309392265194,well-matched
133604,Acropora arabensis,70.792,25.164,200 m clip,q2,362,63,0.17403314917127072,dist-matched
133606,Symphyllia recta,84.163,94.463,200 m clip,q1,362,276,0.7624309392265194,well-matched
133607,Goniopora minor,96.808,14.009,200 m clip,q2,362,63,0.17403314917127072,dist-matched
133611,Madracis senaria,86.94,65.285,200 m clip,q1,362,276,0.7624309392265194,well-matched
133613,Porites solida,89.263,84.697,200 m clip,q1,362,276,0.7624309392265194,well-matched
133614,Seriatopora guttatus,78.285,72.485,200 m clip,q1,362,276,0.7624309392265194,well-matched
133619,Lobophyllia diminuta,67.761,78.524,200 m clip,q1,362,276,0.7624309392265194,well-matched
133621,Acropora valenciennesi,86.071,84.859,200 m clip,q1,362,276,0.7624309392265194,well-matched
133622,Montipora capitata,86.696,59.355,200 m clip,q1,362,276,0.7624309392265194,well-matched
133631,Erythrastrea flabellata,73.011,58.193,200 m clip,q1,362,276,0.7624309392265194,well-matched
133633,Turbinaria mesenterina,90.753,64.989,200 m clip,q1,362,276,0.7624309392265194,well-matched
133634,Goniastrea retiformis,87.764,55.381,200 m clip,q1,362,276,0.7624309392265194,well-matched
133636,Leptoseris gardineri,84.062,81.483,200 m clip,q1,362,276,0.7624309392265194,well-matched
133637,Pocillopora indiania,77.07,97.442,200 m clip,q1,362,276,0.7624309392265194,well-matched
133638,Favia maritima,83.059,56.224,200 m clip,q1,362,276,0.7624309392265194,well-matched
133639,Acropora pichoni,79.191,67.266,200 m clip,q1,362,276,0.7624309392265194,well-matched
133642,Acanthastrea hemprichii,74.021,92.781,200 m clip,q1,362,276,0.7624309392265194,well-matched
133645,Porites somaliensis,84.43,6.794,200 m clip,q2,362,63,0.17403314917127072,dist-matched
133646,Montipora verrucosa,95.728,75.44,200 m clip,q1,362,276,0.7624309392265194,well-matched
133647,Acropora polystoma,77.258,82.283,200 m clip,q1,362,276,0.7624309392265194,well-matched
133648,Cyphastrea microphthalma,89.136,64.028,200 m clip,q1,362,276,0.7624309392265194,well-matched
133649,Acropora abrotanoides,84.656,85.169,200 m clip,q1,362,276,0.7624309392265194,well-matched
133649,Acropora danai,84.656,85.169,200 m clip,q1,362,276,0.7624309392265194,well-matched
133651,Platygyra lamellina,87.82,38.622,200 m clip,q2,362,63,0.17403314917127072,dist-matched
133654,Favites chinensis,85.957,54.578,200 m clip,q1,362,276,0.7624309392265194,well-matched
133659,Stylophora kuehlmanni,73.038,99.794,200 m clip,q1,362,276,0.7624309392265194,well-matched
133660,Isopora cuneata,73.576,99.003,200 m clip,q1,362,276,0.7624309392265194,well-matched
133662,Galaxea fascicularis,86.462,65.079,200 m clip,q1,362,276,0.7624309392265194,well-matched
133665,Goniastrea thecata,93.988,41.152,200 m clip,q2,362,63,0.17403314917127072,dist-matched
133666,Acropora millepora,88.006,68.136,200 m clip,q1,362,276,0.7624309392265194,well-matched
133668,Goniopora stokesi,89.485,36.446,200 m clip,q2,362,63,0.17403314917127072,dist-matched
133673,Fungia paumotensis,85.546,83.03,200 m clip,q1,362,276,0.7624309392265194,well-matched
133674,Montipora mollis,81.507,96.187,200 m clip,q1,362,276,0.7624309392265194,well-matched
133676,Psammocora vaughani,51.286,41.258,200 m clip,q4,362,5,0.013812154696132596,poorly matched
133679,Heteropsammia cochlea,83.404,79.684,200 m clip,q1,362,276,0.7624309392265194,well-matched
133680,Porites astreoides,47.959,97.734,200 m clip,q3,362,18,0.049723756906077346,area-matched
133682,Acropora subulata,78.014,82.827,200 m clip,q1,362,276,0.7624309392265194,well-matched
133685,Stylophora pistillata,81.059,97.606,200 m clip,q1,362,276,0.7624309392265194,well-matched
133686,Leptoseris cailleti,93.531,63.685,200 m clip,q1,362,276,0.7624309392265194,well-matched
133690,Cyphastrea japonica,95.45,25.619,200 m clip,q2,362,63,0.17403314917127072,dist-matched
133693,Sandalolitha robusta,79.907,76.898,200 m clip,q1,362,276,0.7624309392265194,well-matched
133697,Turbinaria reniformis,86.634,42.925,200 m clip,q2,362,63,0.17403314917127072,dist-matched
133702,Pavona duerdeni,79.847,90.288,200 m clip,q1,362,276,0.7624309392265194,well-matched
